alignment_pos_B,alignment_pos_A,contact_num,conservation,ref_pdb_A,ref_pdb_B
6,5,1,0.0212765957446809,NA,NA
7,5,1,0.0212765957446809,NA,NA
7,6,1,0.0212765957446809,NA,NA
8,5,1,0.0212765957446809,NA,NA
8,7,2,0.0425531914893617,NA,NA
8,6,1,0.0212765957446809,NA,NA
9,6,1,0.0212765957446809,NA,NA
9,5,1,0.0212765957446809,NA,NA
9,7,2,0.0425531914893617,NA,NA
9,8,6,0.127659574468085,NA,NA
10,7,1,0.0212765957446809,NA,NA
10,8,6,0.127659574468085,NA,NA
10,9,13,0.276595744680851,NA,NA
11,8,1,0.0212765957446809,NA,NA
11,10,17,0.361702127659574,NA,NA
11,9,13,0.276595744680851,NA,NA
12,11,22,0.468085106382979,NA,NA
12,10,17,0.361702127659574,NA,NA
12,9,4,0.0851063829787234,NA,NA
13,12,1,0.0212765957446809,NA,NA
14,12,1,0.0212765957446809,NA,NA
14,13,1,0.0212765957446809,NA,NA
15,13,1,0.0212765957446809,NA,NA
15,11,22,0.468085106382979,NA,NA
15,12,33,0.702127659574468,NA,NA
15,14,1,0.0212765957446809,NA,NA
15,10,2,0.0425531914893617,NA,NA
16,12,33,0.702127659574468,NA,19
16,15,44,0.936170212765957,NA,19
16,10,1,0.0212765957446809,NA,19
16,11,11,0.234042553191489,NA,19
16,14,1,0.0212765957446809,NA,19
17,16,47,1,19,20
17,15,44,0.936170212765957,NA,20
17,11,2,0.0425531914893617,NA,20
17,10,1,0.0212765957446809,NA,20
17,12,3,0.0638297872340425,NA,20
17,9,1,0.0212765957446809,NA,20
18,17,47,1,20,22
18,12,1,0.0212765957446809,NA,22
18,16,46,0.978723404255319,19,22
19,18,47,1,22,23
19,17,46,0.978723404255319,20,23
20,18,47,1,22,24
20,19,47,1,23,24
21,20,47,1,24,25
21,19,47,1,23,25
22,21,47,1,25,26
22,20,47,1,24,26
23,22,46,0.978723404255319,26,27
23,21,46,0.978723404255319,25,27
24,22,46,0.978723404255319,26,28
24,23,46,0.978723404255319,27,28
25,24,46,0.978723404255319,28,29
25,21,1,0.0212765957446809,25,29
25,22,1,0.0212765957446809,26,29
25,23,46,0.978723404255319,27,29
26,24,46,0.978723404255319,28,30
26,25,46,0.978723404255319,29,30
27,20,1,0.0212765957446809,24,31
27,21,1,0.0212765957446809,25,31
27,24,46,0.978723404255319,28,31
27,22,4,0.0851063829787234,26,31
27,23,44,0.936170212765957,27,31
27,26,46,0.978723404255319,30,31
27,19,1,0.0212765957446809,23,31
27,25,46,0.978723404255319,29,31
28,26,46,0.978723404255319,30,32
28,27,46,0.978723404255319,31,32
28,24,2,0.0425531914893617,28,32
29,25,44,0.936170212765957,29,33
29,22,45,0.957446808510638,26,33
29,27,46,0.978723404255319,31,33
29,24,45,0.957446808510638,28,33
29,23,45,0.957446808510638,27,33
29,28,46,0.978723404255319,32,33
29,26,41,0.872340425531915,30,33
29,21,45,0.957446808510638,25,33
30,26,1,0.0212765957446809,30,34
30,21,1,0.0212765957446809,25,34
30,27,1,0.0212765957446809,31,34
30,29,46,0.978723404255319,33,34
30,19,1,0.0212765957446809,23,34
30,28,46,0.978723404255319,32,34
31,27,1,0.0212765957446809,31,35
31,29,46,0.978723404255319,33,35
31,19,1,0.0212765957446809,23,35
31,28,46,0.978723404255319,32,35
31,30,46,0.978723404255319,34,35
31,26,1,0.0212765957446809,30,35
32,29,46,0.978723404255319,33,36
32,21,28,0.595744680851064,25,36
32,30,46,0.978723404255319,34,36
32,27,1,0.0212765957446809,31,36
32,28,46,0.978723404255319,32,36
32,31,46,0.978723404255319,35,36
33,32,46,0.978723404255319,36,37
33,29,46,0.978723404255319,33,37
33,30,46,0.978723404255319,34,37
33,31,46,0.978723404255319,35,37
33,28,24,0.51063829787234,32,37
33,21,44,0.936170212765957,25,37
34,30,46,0.978723404255319,34,38
34,29,9,0.191489361702128,33,38
34,32,46,0.978723404255319,36,38
34,31,46,0.978723404255319,35,38
34,33,46,0.978723404255319,37,38
35,33,46,0.978723404255319,37,39
35,32,46,0.978723404255319,36,39
35,31,46,0.978723404255319,35,39
35,30,33,0.702127659574468,34,39
35,34,46,0.978723404255319,38,39
36,19,1,0.0212765957446809,23,40
36,32,46,0.978723404255319,36,40
36,33,46,0.978723404255319,37,40
36,31,36,0.765957446808511,35,40
36,34,46,0.978723404255319,38,40
36,35,46,0.978723404255319,39,40
37,35,46,0.978723404255319,39,41
37,33,45,0.957446808510638,37,41
37,36,46,0.978723404255319,40,41
37,32,18,0.382978723404255,36,41
37,34,45,0.957446808510638,38,41
38,36,1,0.0212765957446809,40,NA
38,37,1,0.0212765957446809,41,NA
39,37,1,0.0212765957446809,41,NA
39,38,1,0.0212765957446809,NA,NA
40,38,1,0.0212765957446809,NA,NA
40,39,1,0.0212765957446809,NA,NA
41,29,1,0.0212765957446809,33,42
41,32,1,0.0212765957446809,36,42
41,35,39,0.829787234042553,39,42
41,36,41,0.872340425531915,40,42
41,37,41,0.872340425531915,41,42
41,39,1,0.0212765957446809,NA,42
41,33,39,0.829787234042553,37,42
41,40,1,0.0212765957446809,NA,42
41,34,39,0.829787234042553,38,42
42,37,44,0.936170212765957,41,43
42,33,2,0.0425531914893617,37,43
42,41,42,0.893617021276596,42,43
42,29,1,0.0212765957446809,33,43
42,36,41,0.872340425531915,40,43
42,35,40,0.851063829787234,39,43
42,40,1,0.0212765957446809,NA,43
42,34,42,0.893617021276596,38,43
42,32,1,0.0212765957446809,36,43
43,31,32,0.680851063829787,35,44
43,37,3,0.0638297872340425,41,44
43,41,42,0.893617021276596,42,44
43,29,1,0.0212765957446809,33,44
43,42,45,0.957446808510638,43,44
43,34,39,0.829787234042553,38,44
43,35,38,0.808510638297872,39,44
44,35,35,0.74468085106383,39,45
44,34,14,0.297872340425532,38,45
44,43,42,0.893617021276596,44,45
44,31,38,0.808510638297872,35,45
44,42,42,0.893617021276596,43,45
45,34,29,0.617021276595745,38,46
45,44,43,0.914893617021277,45,46
45,41,1,0.0212765957446809,42,46
45,30,7,0.148936170212766,34,46
45,43,42,0.893617021276596,44,46
45,42,1,0.0212765957446809,43,46
45,31,34,0.723404255319149,35,46
45,35,3,0.0638297872340425,39,46
46,42,1,0.0212765957446809,43,47
46,45,40,0.851063829787234,46,47
46,43,2,0.0425531914893617,44,47
46,44,40,0.851063829787234,45,47
47,43,1,0.0212765957446809,44,55
47,45,35,0.74468085106383,46,55
47,44,2,0.0425531914893617,45,55
47,46,36,0.765957446808511,47,55
47,30,1,0.0212765957446809,34,55
47,35,1,0.0212765957446809,39,55
48,34,10,0.212765957446809,38,NA
48,43,1,0.0212765957446809,44,NA
48,31,9,0.191489361702128,35,NA
48,25,9,0.191489361702128,29,NA
48,45,18,0.382978723404255,46,NA
48,26,10,0.212765957446809,30,NA
48,30,14,0.297872340425532,34,NA
48,46,36,0.765957446808511,47,NA
48,18,1,0.0212765957446809,22,NA
48,47,37,0.787234042553192,55,NA
48,44,1,0.0212765957446809,45,NA
49,31,2,0.0425531914893617,35,NA
49,46,3,0.0638297872340425,47,NA
49,35,1,0.0212765957446809,39,NA
49,34,3,0.0638297872340425,38,NA
49,25,1,0.0212765957446809,29,NA
49,44,1,0.0212765957446809,45,NA
49,47,36,0.765957446808511,55,NA
49,41,1,0.0212765957446809,42,NA
49,33,1,0.0212765957446809,37,NA
49,42,1,0.0212765957446809,43,NA
49,30,5,0.106382978723404,34,NA
49,48,36,0.765957446808511,NA,NA
49,36,1,0.0212765957446809,40,NA
49,37,1,0.0212765957446809,41,NA
49,26,1,0.0212765957446809,30,NA
49,45,7,0.148936170212766,46,NA
49,43,1,0.0212765957446809,44,NA
50,31,1,0.0212765957446809,35,NA
50,25,8,0.170212765957447,29,NA
50,30,5,0.106382978723404,34,NA
50,46,3,0.0638297872340425,47,NA
50,49,34,0.723404255319149,NA,NA
50,48,34,0.723404255319149,NA,NA
50,41,1,0.0212765957446809,42,NA
50,26,2,0.0425531914893617,30,NA
50,43,1,0.0212765957446809,44,NA
50,34,3,0.0638297872340425,38,NA
50,45,4,0.0851063829787234,46,NA
50,47,3,0.0638297872340425,55,NA
50,44,1,0.0212765957446809,45,NA
50,42,1,0.0212765957446809,43,NA
51,31,1,0.0212765957446809,35,NA
51,47,1,0.0212765957446809,55,NA
51,30,22,0.468085106382979,34,NA
51,25,1,0.0212765957446809,29,NA
51,34,4,0.0851063829787234,38,NA
51,45,1,0.0212765957446809,46,NA
51,50,35,0.74468085106383,NA,NA
51,48,3,0.0638297872340425,NA,NA
51,43,1,0.0212765957446809,44,NA
51,49,33,0.702127659574468,NA,NA
52,49,2,0.0425531914893617,NA,NA
52,33,2,0.0425531914893617,37,NA
52,41,1,0.0212765957446809,42,NA
52,48,1,0.0212765957446809,NA,NA
52,51,25,0.531914893617021,NA,NA
52,50,25,0.531914893617021,NA,NA
52,34,5,0.106382978723404,38,NA
52,43,1,0.0212765957446809,44,NA
52,30,7,0.148936170212766,34,NA
53,52,3,0.0638297872340425,NA,NA
53,51,3,0.0638297872340425,NA,NA
53,34,1,0.0212765957446809,38,NA
54,30,1,0.0212765957446809,34,NA
54,53,2,0.0425531914893617,NA,NA
54,34,1,0.0212765957446809,38,NA
54,52,2,0.0425531914893617,NA,NA
54,51,1,0.0212765957446809,NA,NA
54,33,1,0.0212765957446809,37,NA
57,31,1,0.0212765957446809,35,NA
57,48,7,0.148936170212766,NA,NA
57,42,1,0.0212765957446809,43,NA
57,50,12,0.25531914893617,NA,NA
57,47,1,0.0212765957446809,55,NA
57,41,1,0.0212765957446809,42,NA
57,52,19,0.404255319148936,NA,NA
57,49,9,0.191489361702128,NA,NA
57,30,3,0.0638297872340425,34,NA
57,53,1,0.0212765957446809,NA,NA
57,40,1,0.0212765957446809,NA,NA
57,51,28,0.595744680851064,NA,NA
57,43,1,0.0212765957446809,44,NA
58,20,1,0.0212765957446809,24,NA
58,37,4,0.0851063829787234,41,NA
58,31,1,0.0212765957446809,35,NA
58,51,25,0.531914893617021,NA,NA
58,48,1,0.0212765957446809,NA,NA
58,41,1,0.0212765957446809,42,NA
58,30,4,0.0851063829787234,34,NA
58,49,3,0.0638297872340425,NA,NA
58,50,2,0.0425531914893617,NA,NA
58,33,5,0.106382978723404,37,NA
58,53,1,0.0212765957446809,NA,NA
58,52,22,0.468085106382979,NA,NA
58,57,33,0.702127659574468,NA,NA
58,34,4,0.0851063829787234,38,NA
59,51,18,0.382978723404255,NA,56
59,57,35,0.74468085106383,NA,56
59,49,1,0.0212765957446809,NA,56
59,33,7,0.148936170212766,37,56
59,41,1,0.0212765957446809,42,56
59,48,6,0.127659574468085,NA,56
59,54,2,0.0425531914893617,NA,56
59,31,1,0.0212765957446809,35,56
59,40,1,0.0212765957446809,NA,56
59,46,1,0.0212765957446809,47,56
59,47,3,0.0638297872340425,55,56
59,53,2,0.0425531914893617,NA,56
59,30,3,0.0638297872340425,34,56
59,50,1,0.0212765957446809,NA,56
59,35,1,0.0212765957446809,39,56
59,34,2,0.0425531914893617,38,56
59,52,7,0.148936170212766,NA,56
59,58,37,0.787234042553192,NA,56
60,54,2,0.0425531914893617,NA,57
60,52,1,0.0212765957446809,NA,57
60,47,1,0.0212765957446809,55,57
60,59,44,0.936170212765957,56,57
60,35,1,0.0212765957446809,39,57
60,48,1,0.0212765957446809,NA,57
60,33,9,0.191489361702128,37,57
60,40,1,0.0212765957446809,NA,57
60,42,2,0.0425531914893617,43,57
60,49,1,0.0212765957446809,NA,57
60,57,2,0.0425531914893617,NA,57
60,39,1,0.0212765957446809,NA,57
60,41,1,0.0212765957446809,42,57
60,50,1,0.0212765957446809,NA,57
60,58,37,0.787234042553192,NA,57
61,36,5,0.106382978723404,40,58
61,58,7,0.148936170212766,NA,58
61,54,2,0.0425531914893617,NA,58
61,60,46,0.978723404255319,57,58
61,40,1,0.0212765957446809,NA,58
61,57,2,0.0425531914893617,NA,58
61,48,2,0.0425531914893617,NA,58
61,41,20,0.425531914893617,42,58
61,39,1,0.0212765957446809,NA,58
61,38,1,0.0212765957446809,NA,58
61,37,43,0.914893617021277,41,58
61,59,44,0.936170212765957,56,58
61,53,1,0.0212765957446809,NA,58
61,33,39,0.829787234042553,37,58
61,35,1,0.0212765957446809,39,58
61,34,27,0.574468085106383,38,58
61,42,2,0.0425531914893617,43,58
61,30,6,0.127659574468085,34,58
61,52,3,0.0638297872340425,NA,58
62,60,46,0.978723404255319,57,59
62,41,1,0.0212765957446809,42,59
62,61,47,1,58,59
62,42,2,0.0425531914893617,43,59
62,38,1,0.0212765957446809,NA,59
62,43,1,0.0212765957446809,44,59
62,36,5,0.106382978723404,40,59
62,49,1,0.0212765957446809,NA,59
62,37,32,0.680851063829787,41,59
62,40,1,0.0212765957446809,NA,59
62,39,1,0.0212765957446809,NA,59
62,16,5,0.106382978723404,19,59
63,36,39,0.829787234042553,40,60
63,37,38,0.808510638297872,41,60
63,41,4,0.0851063829787234,42,60
63,62,47,1,59,60
63,39,1,0.0212765957446809,NA,60
63,33,1,0.0212765957446809,37,60
63,38,1,0.0212765957446809,NA,60
63,34,1,0.0212765957446809,38,60
63,35,3,0.0638297872340425,39,60
63,42,5,0.106382978723404,43,60
63,61,47,1,58,60
65,10,5,0.106382978723404,NA,61
65,63,47,1,60,61
65,16,1,0.0212765957446809,19,61
65,12,7,0.148936170212766,NA,61
65,36,1,0.0212765957446809,40,61
65,15,1,0.0212765957446809,NA,61
65,62,47,1,59,61
65,11,8,0.170212765957447,NA,61
65,14,1,0.0212765957446809,NA,61
65,9,3,0.0638297872340425,NA,61
66,37,2,0.0425531914893617,41,62
66,17,2,0.0425531914893617,20,62
66,36,33,0.702127659574468,40,62
66,63,47,1,60,62
66,61,1,0.0212765957446809,58,62
66,65,47,1,61,62
67,66,47,1,62,63
67,65,47,1,61,63
68,17,2,0.0425531914893617,20,64
68,36,2,0.0425531914893617,40,64
68,10,1,0.0212765957446809,NA,64
68,67,45,0.957446808510638,63,64
68,65,1,0.0212765957446809,61,64
68,15,1,0.0212765957446809,NA,64
68,66,45,0.957446808510638,62,64
69,63,1,0.0212765957446809,60,65
69,10,1,0.0212765957446809,NA,65
69,68,45,0.957446808510638,64,65
69,15,2,0.0425531914893617,NA,65
69,11,1,0.0212765957446809,NA,65
69,66,2,0.0425531914893617,62,65
69,67,44,0.936170212765957,63,65
69,9,1,0.0212765957446809,NA,65
69,65,2,0.0425531914893617,61,65
70,69,1,0.0212765957446809,65,NA
70,68,1,0.0212765957446809,64,NA
71,69,1,0.0212765957446809,65,NA
71,70,1,0.0212765957446809,NA,NA
72,70,1,0.0212765957446809,NA,NA
72,69,1,0.0212765957446809,65,NA
72,71,1,0.0212765957446809,NA,NA
73,72,1,0.0212765957446809,NA,NA
73,69,1,0.0212765957446809,65,NA
73,71,1,0.0212765957446809,NA,NA
74,72,1,0.0212765957446809,NA,NA
74,69,1,0.0212765957446809,65,NA
74,73,1,0.0212765957446809,NA,NA
75,68,1,0.0212765957446809,64,NA
75,67,1,0.0212765957446809,63,NA
75,69,1,0.0212765957446809,65,NA
75,74,1,0.0212765957446809,NA,NA
75,73,1,0.0212765957446809,NA,NA
76,74,1,0.0212765957446809,NA,NA
76,69,1,0.0212765957446809,65,NA
76,75,1,0.0212765957446809,NA,NA
77,69,2,0.0425531914893617,65,NA
77,76,2,0.0425531914893617,NA,NA
77,75,1,0.0212765957446809,NA,NA
77,74,1,0.0212765957446809,NA,NA
77,68,2,0.0425531914893617,64,NA
78,77,3,0.0638297872340425,NA,NA
78,74,1,0.0212765957446809,NA,NA
78,75,1,0.0212765957446809,NA,NA
78,76,2,0.0425531914893617,NA,NA
78,69,2,0.0425531914893617,65,NA
79,69,2,0.0425531914893617,65,NA
79,74,1,0.0212765957446809,NA,NA
79,68,1,0.0212765957446809,64,NA
79,78,3,0.0638297872340425,NA,NA
79,77,3,0.0638297872340425,NA,NA
80,62,1,0.0212765957446809,59,66
80,8,2,0.0425531914893617,NA,66
80,74,1,0.0212765957446809,NA,66
80,67,32,0.680851063829787,63,66
80,69,44,0.936170212765957,65,66
80,9,3,0.0638297872340425,NA,66
80,79,3,0.0638297872340425,NA,66
80,12,7,0.148936170212766,NA,66
80,11,4,0.0851063829787234,NA,66
80,10,3,0.0638297872340425,NA,66
80,68,44,0.936170212765957,64,66
80,78,3,0.0638297872340425,NA,66
80,63,1,0.0212765957446809,60,66
80,65,1,0.0212765957446809,61,66
80,66,1,0.0212765957446809,62,66
81,11,1,0.0212765957446809,NA,NA
81,79,1,0.0212765957446809,NA,NA
81,78,1,0.0212765957446809,NA,NA
81,80,1,0.0212765957446809,66,NA
82,11,5,0.106382978723404,NA,67
82,15,23,0.48936170212766,NA,67
82,79,3,0.0638297872340425,NA,67
82,81,1,0.0212765957446809,NA,67
82,65,2,0.0425531914893617,61,67
82,69,44,0.936170212765957,65,67
82,9,2,0.0425531914893617,NA,67
82,10,2,0.0425531914893617,NA,67
82,62,1,0.0212765957446809,59,67
82,63,2,0.0425531914893617,60,67
82,61,1,0.0212765957446809,58,67
82,77,2,0.0425531914893617,NA,67
82,66,45,0.957446808510638,62,67
82,67,43,0.914893617021277,63,67
82,78,1,0.0212765957446809,NA,67
82,68,43,0.914893617021277,64,67
82,17,2,0.0425531914893617,20,67
82,12,11,0.234042553191489,NA,67
82,80,45,0.957446808510638,66,67
83,79,1,0.0212765957446809,NA,68
83,81,1,0.0212765957446809,NA,68
83,61,1,0.0212765957446809,58,68
83,62,2,0.0425531914893617,59,68
83,11,17,0.361702127659574,NA,68
83,15,37,0.787234042553192,NA,68
83,16,1,0.0212765957446809,19,68
83,65,37,0.787234042553192,61,68
83,10,9,0.191489361702128,NA,68
83,67,44,0.936170212765957,63,68
83,80,45,0.957446808510638,66,68
83,12,28,0.595744680851064,NA,68
83,9,5,0.106382978723404,NA,68
83,66,45,0.957446808510638,62,68
83,82,46,0.978723404255319,67,68
83,63,1,0.0212765957446809,60,68
83,14,1,0.0212765957446809,NA,68
83,68,22,0.468085106382979,64,68
83,60,1,0.0212765957446809,57,68
84,10,1,0.0212765957446809,NA,69
84,15,38,0.808510638297872,NA,69
84,16,11,0.234042553191489,19,69
84,12,15,0.319148936170213,NA,69
84,34,1,0.0212765957446809,38,69
84,11,9,0.191489361702128,NA,69
84,81,1,0.0212765957446809,NA,69
84,65,45,0.957446808510638,61,69
84,59,1,0.0212765957446809,56,69
84,67,31,0.659574468085106,63,69
84,82,46,0.978723404255319,67,69
84,61,2,0.0425531914893617,58,69
84,66,45,0.957446808510638,62,69
84,68,36,0.765957446808511,64,69
84,63,45,0.957446808510638,60,69
84,69,1,0.0212765957446809,65,69
84,14,1,0.0212765957446809,NA,69
84,62,2,0.0425531914893617,59,69
84,60,1,0.0212765957446809,57,69
84,80,2,0.0425531914893617,66,69
84,17,44,0.936170212765957,20,69
84,83,46,0.978723404255319,68,69
85,16,45,0.957446808510638,19,70
85,58,1,0.0212765957446809,NA,70
85,61,1,0.0212765957446809,58,70
85,15,41,0.872340425531915,NA,70
85,83,46,0.978723404255319,68,70
85,9,1,0.0212765957446809,NA,70
85,10,1,0.0212765957446809,NA,70
85,62,38,0.808510638297872,59,70
85,66,19,0.404255319148936,62,70
85,11,11,0.234042553191489,NA,70
85,65,44,0.936170212765957,61,70
85,60,2,0.0425531914893617,57,70
85,63,45,0.957446808510638,60,70
85,17,45,0.957446808510638,20,70
85,12,14,0.297872340425532,NA,70
85,59,1,0.0212765957446809,56,70
85,18,1,0.0212765957446809,22,70
85,84,46,0.978723404255319,69,70
86,57,1,0.0212765957446809,NA,71
86,34,1,0.0212765957446809,38,71
86,65,39,0.829787234042553,61,71
86,58,1,0.0212765957446809,NA,71
86,85,46,0.978723404255319,70,71
86,62,46,0.978723404255319,59,71
86,61,46,0.978723404255319,58,71
86,19,42,0.893617021276596,23,71
86,36,39,0.829787234042553,40,71
86,66,40,0.851063829787234,62,71
86,18,2,0.0425531914893617,22,71
86,59,1,0.0212765957446809,56,71
86,37,3,0.0638297872340425,41,71
86,84,46,0.978723404255319,69,71
86,60,2,0.0425531914893617,57,71
86,16,8,0.170212765957447,19,71
86,31,1,0.0212765957446809,35,71
86,63,46,0.978723404255319,60,71
86,17,45,0.957446808510638,20,71
86,68,6,0.127659574468085,64,71
86,15,2,0.0425531914893617,NA,71
86,35,1,0.0212765957446809,39,71
87,86,47,1,71,72
87,85,46,0.978723404255319,70,72
87,19,46,0.978723404255319,23,72
87,58,1,0.0212765957446809,NA,72
87,49,1,0.0212765957446809,NA,72
87,18,46,0.978723404255319,22,72
87,52,1,0.0212765957446809,NA,72
87,61,45,0.957446808510638,58,72
87,17,46,0.978723404255319,20,72
87,16,36,0.765957446808511,19,72
87,62,45,0.957446808510638,59,72
87,60,37,0.787234042553192,57,72
87,48,1,0.0212765957446809,NA,72
87,57,1,0.0212765957446809,NA,72
87,63,4,0.0851063829787234,60,72
87,36,1,0.0212765957446809,40,72
88,87,47,1,72,73
88,21,38,0.808510638297872,25,73
88,37,34,0.723404255319149,41,73
88,51,1,0.0212765957446809,NA,73
88,86,47,1,71,73
88,57,1,0.0212765957446809,NA,73
88,31,1,0.0212765957446809,35,73
88,27,1,0.0212765957446809,31,73
88,63,24,0.51063829787234,60,73
88,32,2,0.0425531914893617,36,73
88,66,1,0.0212765957446809,62,73
88,59,42,0.893617021276596,56,73
88,19,46,0.978723404255319,23,73
88,20,3,0.0638297872340425,24,73
88,62,37,0.787234042553192,59,73
88,18,1,0.0212765957446809,22,73
88,60,45,0.957446808510638,57,73
88,52,2,0.0425531914893617,NA,73
88,17,1,0.0212765957446809,20,73
88,28,1,0.0212765957446809,32,73
88,36,41,0.872340425531915,40,73
88,33,44,0.936170212765957,37,73
88,61,46,0.978723404255319,58,73
88,58,4,0.0851063829787234,NA,73
89,57,2,0.0425531914893617,NA,74
89,52,1,0.0212765957446809,NA,74
89,16,1,0.0212765957446809,19,74
89,21,45,0.957446808510638,25,74
89,20,45,0.957446808510638,24,74
89,59,39,0.829787234042553,56,74
89,51,1,0.0212765957446809,NA,74
89,60,44,0.936170212765957,57,74
89,27,1,0.0212765957446809,31,74
89,61,6,0.127659574468085,58,74
89,33,19,0.404255319148936,37,74
89,48,1,0.0212765957446809,NA,74
89,88,47,1,73,74
89,87,47,1,72,74
89,18,37,0.787234042553192,22,74
89,19,45,0.957446808510638,23,74
89,58,28,0.595744680851064,NA,74
89,17,1,0.0212765957446809,20,74
90,51,21,0.446808510638298,NA,75
90,88,47,1,73,75
90,89,47,1,74,75
90,48,3,0.0638297872340425,NA,75
90,33,43,0.914893617021277,37,75
90,30,43,0.914893617021277,34,75
90,60,30,0.638297872340426,57,75
90,58,31,0.659574468085106,NA,75
90,59,38,0.808510638297872,56,75
90,21,43,0.914893617021277,25,75
90,49,1,0.0212765957446809,NA,75
90,20,2,0.0425531914893617,24,75
90,50,1,0.0212765957446809,NA,75
90,23,1,0.0212765957446809,27,75
90,61,15,0.319148936170213,58,75
90,54,1,0.0212765957446809,NA,75
90,52,5,0.106382978723404,NA,75
90,29,44,0.936170212765957,33,75
90,57,24,0.51063829787234,NA,75
90,47,1,0.0212765957446809,55,75
91,51,19,0.404255319148936,NA,76
91,59,13,0.276595744680851,56,76
91,50,2,0.0425531914893617,NA,76
91,20,35,0.74468085106383,24,76
91,30,1,0.0212765957446809,34,76
91,58,25,0.531914893617021,NA,76
91,48,1,0.0212765957446809,NA,76
91,23,29,0.617021276595745,27,76
91,90,47,1,75,76
91,22,39,0.829787234042553,26,76
91,29,39,0.829787234042553,33,76
91,60,2,0.0425531914893617,57,76
91,89,47,1,74,76
91,57,22,0.468085106382979,NA,76
91,21,43,0.914893617021277,25,76
91,52,3,0.0638297872340425,NA,76
94,23,21,0.446808510638298,27,77
94,48,1,0.0212765957446809,NA,77
94,30,5,0.106382978723404,34,77
94,50,7,0.148936170212766,NA,77
94,53,1,0.0212765957446809,NA,77
94,90,45,0.957446808510638,75,77
94,58,16,0.340425531914894,NA,77
94,91,45,0.957446808510638,76,77
94,22,3,0.0638297872340425,26,77
94,57,25,0.531914893617021,NA,77
94,51,29,0.617021276595745,NA,77
94,59,4,0.0851063829787234,56,77
94,89,1,0.0212765957446809,74,77
94,21,4,0.0851063829787234,25,77
94,29,30,0.638297872340426,33,77
94,49,2,0.0425531914893617,NA,77
94,52,18,0.382978723404255,NA,77
95,23,23,0.48936170212766,27,78
95,90,4,0.0851063829787234,75,78
95,58,2,0.0425531914893617,NA,78
95,18,1,0.0212765957446809,22,78
95,20,1,0.0212765957446809,24,78
95,25,23,0.48936170212766,29,78
95,49,1,0.0212765957446809,NA,78
95,50,4,0.0851063829787234,NA,78
95,91,43,0.914893617021277,76,78
95,52,2,0.0425531914893617,NA,78
95,24,23,0.48936170212766,28,78
95,51,6,0.127659574468085,NA,78
95,29,25,0.531914893617021,33,78
95,94,43,0.914893617021277,77,78
96,23,3,0.0638297872340425,27,79
96,21,2,0.0425531914893617,25,79
96,25,21,0.446808510638298,29,79
96,48,5,0.106382978723404,NA,79
96,29,3,0.0638297872340425,33,79
96,51,7,0.148936170212766,NA,79
96,90,2,0.0425531914893617,75,79
96,24,4,0.0851063829787234,28,79
96,22,2,0.0425531914893617,26,79
96,94,41,0.872340425531915,77,79
96,57,1,0.0212765957446809,NA,79
96,52,4,0.0851063829787234,NA,79
96,95,41,0.872340425531915,78,79
96,50,16,0.340425531914894,NA,79
96,26,1,0.0212765957446809,30,79
96,58,1,0.0212765957446809,NA,79
96,91,14,0.297872340425532,76,79
97,25,12,0.25531914893617,29,80
97,90,1,0.0212765957446809,75,80
97,26,6,0.127659574468085,30,80
97,96,39,0.829787234042553,79,80
97,91,11,0.234042553191489,76,80
97,89,1,0.0212765957446809,74,80
97,95,40,0.851063829787234,78,80
97,24,13,0.276595744680851,28,80
97,22,2,0.0425531914893617,26,80
97,29,10,0.212765957446809,33,80
97,94,12,0.25531914893617,77,80
97,23,10,0.212765957446809,27,80
97,88,1,0.0212765957446809,73,80
98,50,1,0.0212765957446809,NA,81
98,96,39,0.829787234042553,79,81
98,97,40,0.851063829787234,80,81
98,89,1,0.0212765957446809,74,81
98,94,3,0.0638297872340425,77,81
98,51,1,0.0212765957446809,NA,81
98,52,4,0.0851063829787234,NA,81
98,90,1,0.0212765957446809,75,81
98,91,1,0.0212765957446809,76,81
98,25,4,0.0851063829787234,29,81
98,95,13,0.276595744680851,78,81
98,20,1,0.0212765957446809,24,81
99,98,40,0.851063829787234,81,82
99,50,7,0.148936170212766,NA,82
99,57,15,0.319148936170213,NA,82
99,58,3,0.0638297872340425,NA,82
99,96,34,0.723404255319149,79,82
99,94,21,0.446808510638298,77,82
99,95,14,0.297872340425532,78,82
99,52,15,0.319148936170213,NA,82
99,51,16,0.340425531914894,NA,82
99,97,40,0.851063829787234,80,82
100,97,34,0.723404255319149,80,83
100,23,1,0.0212765957446809,27,83
100,99,40,0.851063829787234,82,83
100,98,40,0.851063829787234,81,83
100,91,1,0.0212765957446809,76,83
100,95,9,0.191489361702128,78,83
100,94,8,0.170212765957447,77,83
100,52,1,0.0212765957446809,NA,83
100,96,32,0.680851063829787,79,83
100,58,3,0.0638297872340425,NA,83
100,57,2,0.0425531914893617,NA,83
100,24,2,0.0425531914893617,28,83
100,22,2,0.0425531914893617,26,83
101,99,2,0.0425531914893617,82,NA
101,98,2,0.0425531914893617,81,NA
101,100,2,0.0425531914893617,83,NA
101,96,1,0.0212765957446809,79,NA
101,97,2,0.0425531914893617,80,NA
102,89,1,0.0212765957446809,74,84
102,18,1,0.0212765957446809,22,84
102,98,14,0.297872340425532,81,84
102,23,1,0.0212765957446809,27,84
102,90,2,0.0425531914893617,75,84
102,24,1,0.0212765957446809,28,84
102,21,1,0.0212765957446809,25,84
102,91,2,0.0425531914893617,76,84
102,58,4,0.0851063829787234,NA,84
102,95,4,0.0851063829787234,78,84
102,29,1,0.0212765957446809,33,84
102,57,3,0.0638297872340425,NA,84
102,94,2,0.0425531914893617,77,84
102,96,7,0.148936170212766,79,84
102,100,39,0.829787234042553,83,84
102,97,13,0.276595744680851,80,84
102,101,2,0.0425531914893617,NA,84
102,20,1,0.0212765957446809,24,84
102,22,1,0.0212765957446809,26,84
102,99,38,0.808510638297872,82,84
103,50,1,0.0212765957446809,NA,85
103,22,5,0.106382978723404,26,85
103,100,39,0.829787234042553,83,85
103,49,1,0.0212765957446809,NA,85
103,58,12,0.25531914893617,NA,85
103,96,12,0.25531914893617,79,85
103,94,2,0.0425531914893617,77,85
103,52,2,0.0425531914893617,NA,85
103,48,1,0.0212765957446809,NA,85
103,97,4,0.0851063829787234,80,85
103,57,10,0.212765957446809,NA,85
103,60,2,0.0425531914893617,57,85
103,98,4,0.0851063829787234,81,85
103,102,41,0.872340425531915,84,85
103,89,2,0.0425531914893617,74,85
103,99,24,0.51063829787234,82,85
103,20,1,0.0212765957446809,24,85
103,95,4,0.0851063829787234,78,85
103,101,2,0.0425531914893617,NA,85
103,59,2,0.0425531914893617,56,85
103,91,7,0.148936170212766,76,85
104,102,41,0.872340425531915,84,86
104,100,32,0.680851063829787,83,86
104,101,2,0.0425531914893617,NA,86
104,23,2,0.0425531914893617,27,86
104,103,43,0.914893617021277,85,86
104,98,4,0.0851063829787234,81,86
104,25,1,0.0212765957446809,29,86
104,95,12,0.25531914893617,78,86
104,22,13,0.276595744680851,26,86
104,99,25,0.531914893617021,82,86
104,60,1,0.0212765957446809,57,86
104,87,1,0.0212765957446809,72,86
104,29,1,0.0212765957446809,33,86
104,20,3,0.0638297872340425,24,86
104,16,1,0.0212765957446809,19,86
104,94,17,0.361702127659574,77,86
104,97,8,0.170212765957447,80,86
104,57,3,0.0638297872340425,NA,86
104,89,2,0.0425531914893617,74,86
104,91,19,0.404255319148936,76,86
104,58,10,0.212765957446809,NA,86
104,96,15,0.319148936170213,79,86
104,24,1,0.0212765957446809,28,86
104,90,2,0.0425531914893617,75,86
105,102,27,0.574468085106383,84,87
105,52,1,0.0212765957446809,NA,87
105,96,1,0.0212765957446809,79,87
105,16,1,0.0212765957446809,19,87
105,18,1,0.0212765957446809,22,87
105,104,42,0.893617021276596,86,87
105,101,1,0.0212765957446809,NA,87
105,89,1,0.0212765957446809,74,87
105,19,1,0.0212765957446809,23,87
105,88,1,0.0212765957446809,73,87
105,99,9,0.191489361702128,82,87
105,100,23,0.48936170212766,83,87
105,95,1,0.0212765957446809,78,87
105,103,42,0.893617021276596,85,87
105,87,1,0.0212765957446809,72,87
105,20,1,0.0212765957446809,24,87
106,105,44,0.936170212765957,87,88
106,102,18,0.382978723404255,84,88
106,103,31,0.659574468085106,85,88
106,18,22,0.468085106382979,22,88
106,100,4,0.0851063829787234,83,88
106,91,2,0.0425531914893617,76,88
106,89,10,0.212765957446809,74,88
106,16,1,0.0212765957446809,19,88
106,47,1,0.0212765957446809,55,88
106,104,42,0.893617021276596,86,88
106,58,2,0.0425531914893617,NA,88
106,20,4,0.0851063829787234,24,88
107,89,37,0.787234042553192,74,89
107,18,30,0.638297872340426,22,89
107,16,1,0.0212765957446809,19,89
107,99,3,0.0638297872340425,82,89
107,58,24,0.51063829787234,NA,89
107,100,4,0.0851063829787234,83,89
107,105,44,0.936170212765957,87,89
107,106,45,0.957446808510638,88,89
107,95,1,0.0212765957446809,78,89
107,102,9,0.191489361702128,84,89
107,62,1,0.0212765957446809,59,89
107,104,40,0.851063829787234,86,89
107,20,43,0.914893617021277,24,89
107,91,30,0.638297872340426,76,89
107,96,10,0.212765957446809,79,89
107,103,37,0.787234042553192,85,89
107,19,2,0.0425531914893617,23,89
107,21,7,0.148936170212766,25,89
107,22,13,0.276595744680851,26,89
107,88,2,0.0425531914893617,73,89
107,94,4,0.0851063829787234,77,89
107,87,2,0.0425531914893617,72,89
107,60,2,0.0425531914893617,57,89
107,90,15,0.319148936170213,75,89
107,57,7,0.148936170212766,NA,89
108,102,2,0.0425531914893617,84,90
108,16,1,0.0212765957446809,19,90
108,20,36,0.765957446808511,24,90
108,106,45,0.957446808510638,88,90
108,100,2,0.0425531914893617,83,90
108,89,1,0.0212765957446809,74,90
108,18,26,0.553191489361702,22,90
108,105,42,0.893617021276596,87,90
108,94,1,0.0212765957446809,77,90
108,96,3,0.0638297872340425,79,90
108,103,9,0.191489361702128,85,90
108,104,36,0.765957446808511,86,90
108,98,1,0.0212765957446809,81,90
108,22,40,0.851063829787234,26,90
108,91,10,0.212765957446809,76,90
108,107,46,0.978723404255319,89,90
109,17,1,0.0212765957446809,20,91
109,18,29,0.617021276595745,22,91
109,105,41,0.872340425531915,87,91
109,102,1,0.0212765957446809,84,91
109,108,46,0.978723404255319,90,91
109,96,1,0.0212765957446809,79,91
109,107,46,0.978723404255319,89,91
109,106,43,0.914893617021277,88,91
109,16,1,0.0212765957446809,19,91
109,104,9,0.191489361702128,86,91
110,20,2,0.0425531914893617,24,92
110,108,46,0.978723404255319,90,92
110,15,1,0.0212765957446809,NA,92
110,107,14,0.297872340425532,89,92
110,12,1,0.0212765957446809,NA,92
110,16,1,0.0212765957446809,19,92
110,18,45,0.957446808510638,22,92
110,96,1,0.0212765957446809,79,92
110,87,1,0.0212765957446809,72,92
110,91,1,0.0212765957446809,76,92
110,106,12,0.25531914893617,88,92
110,105,5,0.106382978723404,87,92
110,109,46,0.978723404255319,91,92
110,89,4,0.0851063829787234,74,92
111,89,2,0.0425531914893617,74,93
111,106,5,0.106382978723404,88,93
111,98,1,0.0212765957446809,81,93
111,110,46,0.978723404255319,92,93
111,18,46,0.978723404255319,22,93
111,19,11,0.234042553191489,23,93
111,108,43,0.914893617021277,90,93
111,20,44,0.936170212765957,24,93
111,107,36,0.765957446808511,89,93
111,109,46,0.978723404255319,91,93
111,16,1,0.0212765957446809,19,93
111,17,1,0.0212765957446809,20,93
112,109,2,0.0425531914893617,91,NA
112,9,1,0.0212765957446809,NA,NA
112,20,1,0.0212765957446809,24,NA
112,111,45,0.957446808510638,93,NA
112,95,1,0.0212765957446809,78,NA
112,18,45,0.957446808510638,22,NA
112,110,45,0.957446808510638,92,NA
112,12,1,0.0212765957446809,NA,NA
112,17,43,0.914893617021277,20,NA
112,16,33,0.702127659574468,19,NA
112,11,1,0.0212765957446809,NA,NA
112,19,25,0.531914893617021,23,NA
112,15,2,0.0425531914893617,NA,NA
113,19,47,1,23,95
113,112,46,0.978723404255319,NA,95
113,111,46,0.978723404255319,93,95
113,86,5,0.106382978723404,71,95
113,18,47,1,22,95
113,17,13,0.276595744680851,20,95
113,95,1,0.0212765957446809,78,95
113,20,47,1,24,95
114,19,22,0.468085106382979,23,96
114,21,2,0.0425531914893617,25,96
114,110,2,0.0425531914893617,92,96
114,111,27,0.574468085106383,93,96
114,112,46,0.978723404255319,NA,96
114,107,12,0.25531914893617,89,96
114,109,2,0.0425531914893617,91,96
114,95,1,0.0212765957446809,78,96
114,108,24,0.51063829787234,90,96
114,20,47,1,24,96
114,102,1,0.0212765957446809,84,96
114,113,47,1,95,96
114,22,41,0.872340425531915,26,96
115,32,19,0.404255319148936,36,97
115,19,39,0.829787234042553,23,97
115,114,47,1,96,97
115,21,47,1,25,97
115,33,2,0.0425531914893617,37,97
115,25,1,0.0212765957446809,29,97
115,113,47,1,95,97
115,22,47,1,26,97
115,20,47,1,24,97
115,30,1,0.0212765957446809,34,97
115,88,4,0.0851063829787234,73,97
115,27,1,0.0212765957446809,31,97
116,21,1,0.0212765957446809,25,98
116,115,47,1,97,98
116,108,1,0.0212765957446809,90,98
116,114,47,1,96,98
116,23,18,0.382978723404255,27,98
116,25,1,0.0212765957446809,29,98
116,22,46,0.978723404255319,26,98
117,21,43,0.914893617021277,25,99
117,25,1,0.0212765957446809,29,99
117,27,45,0.957446808510638,31,99
117,32,44,0.936170212765957,36,99
117,23,45,0.957446808510638,27,99
117,115,47,1,97,99
117,28,27,0.574468085106383,32,99
117,116,47,1,98,99
117,24,46,0.978723404255319,28,99
117,22,46,0.978723404255319,26,99
117,29,45,0.957446808510638,33,99
118,27,45,0.957446808510638,31,100
118,116,47,1,98,100
118,117,47,1,99,100
118,24,1,0.0212765957446809,28,100
118,23,1,0.0212765957446809,27,100
119,28,1,0.0212765957446809,32,101
119,118,47,1,100,101
119,117,47,1,99,101
119,26,29,0.617021276595745,30,101
119,27,45,0.957446808510638,31,101
120,119,46,0.978723404255319,101,102
120,118,46,0.978723404255319,100,102
120,117,1,0.0212765957446809,99,102
121,117,1,0.0212765957446809,99,103
121,119,47,1,101,103
121,120,46,0.978723404255319,102,103
122,27,12,0.25531914893617,31,104
122,120,46,0.978723404255319,102,104
122,118,18,0.382978723404255,100,104
122,22,1,0.0212765957446809,26,104
122,25,12,0.25531914893617,29,104
122,121,47,1,103,104
122,24,9,0.191489361702128,28,104
122,119,46,0.978723404255319,101,104
122,26,4,0.0851063829787234,30,104
123,116,1,0.0212765957446809,98,105
123,120,3,0.0638297872340425,102,105
123,115,1,0.0212765957446809,97,105
123,117,1,0.0212765957446809,99,105
123,122,47,1,104,105
123,118,1,0.0212765957446809,100,105
123,25,1,0.0212765957446809,29,105
123,121,47,1,103,105
123,119,43,0.914893617021277,101,105
123,22,1,0.0212765957446809,26,105
124,122,47,1,104,106
124,116,1,0.0212765957446809,98,106
124,121,1,0.0212765957446809,103,106
124,24,34,0.723404255319149,28,106
124,98,1,0.0212765957446809,81,106
124,123,47,1,105,106
124,120,1,0.0212765957446809,102,106
125,117,32,0.680851063829787,99,107
125,122,47,1,104,107
125,118,46,0.978723404255319,100,107
125,121,1,0.0212765957446809,103,107
125,24,43,0.914893617021277,28,107
125,119,46,0.978723404255319,101,107
125,25,5,0.106382978723404,29,107
125,120,5,0.106382978723404,102,107
125,124,47,1,106,107
125,123,47,1,105,107
125,27,44,0.936170212765957,31,107
126,124,47,1,106,108
126,120,1,0.0212765957446809,102,108
126,123,47,1,105,108
126,122,47,1,104,108
126,125,47,1,107,108
126,22,1,0.0212765957446809,26,108
126,119,10,0.212765957446809,101,108
126,118,46,0.978723404255319,100,108
127,126,47,1,108,109
127,124,47,1,106,109
127,114,1,0.0212765957446809,96,109
127,122,1,0.0212765957446809,104,109
127,125,47,1,107,109
127,115,1,0.0212765957446809,97,109
127,116,1,0.0212765957446809,98,109
127,123,47,1,105,109
128,126,47,1,108,110
128,98,1,0.0212765957446809,81,110
128,96,1,0.0212765957446809,79,110
128,24,45,0.957446808510638,28,110
128,125,47,1,107,110
128,100,6,0.127659574468085,83,110
128,124,47,1,106,110
128,127,47,1,109,110
128,123,12,0.25531914893617,105,110
128,23,2,0.0425531914893617,27,110
128,97,5,0.106382978723404,80,110
129,128,7,0.148936170212766,110,NA
129,126,7,0.148936170212766,108,NA
129,118,7,0.148936170212766,100,NA
129,116,7,0.148936170212766,98,NA
129,117,5,0.106382978723404,99,NA
129,127,7,0.148936170212766,109,NA
129,125,7,0.148936170212766,107,NA
129,23,1,0.0212765957446809,27,NA
130,128,47,1,110,111
130,126,47,1,108,111
130,127,47,1,109,111
130,117,33,0.702127659574468,99,111
130,124,5,0.106382978723404,106,111
130,22,3,0.0638297872340425,26,111
130,23,6,0.127659574468085,27,111
130,24,1,0.0212765957446809,28,111
130,125,39,0.829787234042553,107,111
130,129,7,0.148936170212766,NA,111
130,118,39,0.829787234042553,100,111
130,116,39,0.829787234042553,98,111
131,127,47,1,109,112
131,129,7,0.148936170212766,NA,112
131,130,47,1,111,112
131,128,47,1,110,112
131,106,1,0.0212765957446809,88,112
131,114,1,0.0212765957446809,96,112
131,20,1,0.0212765957446809,24,112
131,22,1,0.0212765957446809,26,112
131,21,1,0.0212765957446809,25,112
131,126,35,0.74468085106383,108,112
132,126,1,0.0212765957446809,108,113
132,131,47,1,112,113
132,24,5,0.106382978723404,28,113
132,104,4,0.0851063829787234,86,113
132,100,10,0.212765957446809,83,113
132,114,1,0.0212765957446809,96,113
132,96,1,0.0212765957446809,79,113
132,127,38,0.808510638297872,109,113
132,98,1,0.0212765957446809,81,113
132,128,47,1,110,113
132,130,47,1,111,113
132,97,4,0.0851063829787234,80,113
132,129,7,0.148936170212766,NA,113
132,95,3,0.0638297872340425,78,113
133,24,41,0.872340425531915,28,114
133,96,3,0.0638297872340425,79,114
133,98,1,0.0212765957446809,81,114
133,22,46,0.978723404255319,26,114
133,100,16,0.340425531914894,83,114
133,130,44,0.936170212765957,111,114
133,103,7,0.148936170212766,85,114
133,128,47,1,110,114
133,97,10,0.212765957446809,80,114
133,108,33,0.702127659574468,90,114
133,104,17,0.361702127659574,86,114
133,23,43,0.914893617021277,27,114
133,131,47,1,112,114
133,102,2,0.0425531914893617,84,114
133,91,3,0.0638297872340425,76,114
133,132,47,1,113,114
133,125,1,0.0212765957446809,107,114
133,129,7,0.148936170212766,NA,114
133,127,1,0.0212765957446809,109,114
133,25,2,0.0425531914893617,29,114
133,94,13,0.276595744680851,77,114
133,95,15,0.319148936170213,78,114
133,116,44,0.936170212765957,98,114
133,114,1,0.0212765957446809,96,114
133,117,1,0.0212765957446809,99,114
134,129,7,0.148936170212766,NA,115
134,128,9,0.191489361702128,110,115
134,116,45,0.957446808510638,98,115
134,133,47,1,114,115
134,131,41,0.872340425531915,112,115
134,132,47,1,113,115
134,106,1,0.0212765957446809,88,115
134,130,47,1,111,115
135,133,47,1,114,116
135,18,1,0.0212765957446809,22,116
135,114,1,0.0212765957446809,96,116
135,112,1,0.0212765957446809,NA,116
135,131,46,0.978723404255319,112,116
135,130,28,0.595744680851064,111,116
135,129,6,0.127659574468085,NA,116
135,20,1,0.0212765957446809,24,116
135,127,1,0.0212765957446809,109,116
135,134,47,1,115,116
135,132,47,1,113,116
135,106,1,0.0212765957446809,88,116
136,98,1,0.0212765957446809,81,117
136,134,46,0.978723404255319,115,117
136,97,1,0.0212765957446809,80,117
136,96,1,0.0212765957446809,79,117
136,103,4,0.0851063829787234,85,117
136,99,1,0.0212765957446809,82,117
136,100,19,0.404255319148936,83,117
136,132,46,0.978723404255319,113,117
136,135,46,0.978723404255319,116,117
136,105,16,0.340425531914894,87,117
136,104,20,0.425531914893617,86,117
136,133,46,0.978723404255319,114,117
136,108,41,0.872340425531915,90,117
136,22,4,0.0851063829787234,26,117
136,94,2,0.0425531914893617,77,117
136,131,13,0.276595744680851,112,117
136,102,3,0.0638297872340425,84,117
136,128,3,0.0638297872340425,110,117
137,113,1,0.0212765957446809,95,118
137,136,46,0.978723404255319,117,118
137,114,43,0.914893617021277,96,118
137,133,46,0.978723404255319,114,118
137,135,46,0.978723404255319,116,118
137,108,41,0.872340425531915,90,118
137,22,41,0.872340425531915,26,118
137,103,2,0.0425531914893617,85,118
137,116,40,0.851063829787234,98,118
137,94,1,0.0212765957446809,77,118
137,134,46,0.978723404255319,115,118
137,107,2,0.0425531914893617,89,118
137,20,10,0.212765957446809,24,118
137,111,4,0.0851063829787234,93,118
137,102,1,0.0212765957446809,84,118
137,132,9,0.191489361702128,113,118
138,133,21,0.446808510638298,114,119
138,134,46,0.978723404255319,115,119
138,107,1,0.0212765957446809,89,119
138,106,1,0.0212765957446809,88,119
138,135,46,0.978723404255319,116,119
138,108,1,0.0212765957446809,90,119
138,136,46,0.978723404255319,117,119
138,137,46,0.978723404255319,118,119
139,133,1,0.0212765957446809,114,120
139,104,1,0.0212765957446809,86,120
139,108,1,0.0212765957446809,90,120
139,107,1,0.0212765957446809,89,120
139,137,46,0.978723404255319,118,120
139,132,5,0.106382978723404,113,120
139,136,46,0.978723404255319,117,120
139,135,47,1,116,120
139,138,46,0.978723404255319,119,120
139,105,4,0.0851063829787234,87,120
139,106,1,0.0212765957446809,88,120
139,134,24,0.51063829787234,115,120
140,104,6,0.127659574468085,86,121
140,105,27,0.574468085106383,87,121
140,138,46,0.978723404255319,119,121
140,134,1,0.0212765957446809,115,121
140,114,4,0.0851063829787234,96,121
140,108,43,0.914893617021277,90,121
140,133,1,0.0212765957446809,114,121
140,136,45,0.957446808510638,117,121
140,139,47,1,120,121
140,106,2,0.0425531914893617,88,121
140,100,4,0.0851063829787234,83,121
140,109,22,0.468085106382979,91,121
140,137,45,0.957446808510638,118,121
140,103,2,0.0425531914893617,85,121
140,107,2,0.0425531914893617,89,121
140,135,16,0.340425531914894,116,121
141,139,46,0.978723404255319,120,122
141,107,1,0.0212765957446809,89,122
141,110,14,0.297872340425532,92,122
141,137,44,0.936170212765957,118,122
141,109,17,0.361702127659574,91,122
141,136,31,0.659574468085106,117,122
141,138,43,0.914893617021277,119,122
141,112,9,0.191489361702128,NA,122
141,108,35,0.74468085106383,90,122
141,114,24,0.51063829787234,96,122
141,111,20,0.425531914893617,93,122
141,140,46,0.978723404255319,121,122
142,137,2,0.0425531914893617,118,NA
142,139,2,0.0425531914893617,120,NA
142,109,1,0.0212765957446809,91,NA
142,141,3,0.0638297872340425,122,NA
142,140,3,0.0638297872340425,121,NA
142,138,2,0.0425531914893617,119,NA
143,142,3,0.0638297872340425,NA,NA
143,141,3,0.0638297872340425,122,NA
143,137,2,0.0425531914893617,118,NA
143,138,2,0.0425531914893617,119,NA
143,111,1,0.0212765957446809,93,NA
144,140,2,0.0425531914893617,121,NA
144,139,1,0.0212765957446809,120,NA
144,138,1,0.0212765957446809,119,NA
144,142,3,0.0638297872340425,NA,NA
144,143,3,0.0638297872340425,NA,NA
144,137,1,0.0212765957446809,118,NA
144,141,2,0.0425531914893617,122,NA
145,141,13,0.276595744680851,122,NA
145,139,9,0.191489361702128,120,NA
145,144,5,0.106382978723404,NA,NA
145,137,7,0.148936170212766,118,NA
145,110,1,0.0212765957446809,92,NA
145,111,2,0.0425531914893617,93,NA
145,138,9,0.191489361702128,119,NA
145,109,2,0.0425531914893617,91,NA
145,112,2,0.0425531914893617,NA,NA
145,108,1,0.0212765957446809,90,NA
145,140,12,0.25531914893617,121,NA
145,143,3,0.0638297872340425,NA,NA
146,144,4,0.0851063829787234,NA,123
146,110,4,0.0851063829787234,92,123
146,111,10,0.212765957446809,93,123
146,141,27,0.574468085106383,122,123
146,143,2,0.0425531914893617,NA,123
146,109,1,0.0212765957446809,91,123
146,134,1,0.0212765957446809,115,123
146,140,16,0.340425531914894,121,123
146,145,16,0.340425531914894,NA,123
146,139,1,0.0212765957446809,120,123
146,137,7,0.148936170212766,118,123
146,138,10,0.212765957446809,119,123
146,112,3,0.0638297872340425,NA,123
146,108,8,0.170212765957447,90,123
147,146,31,0.659574468085106,123,124
147,144,1,0.0212765957446809,NA,124
147,135,1,0.0212765957446809,116,124
147,112,3,0.0638297872340425,NA,124
147,134,4,0.0851063829787234,115,124
147,140,12,0.25531914893617,121,124
147,137,10,0.212765957446809,118,124
147,139,11,0.234042553191489,120,124
147,109,2,0.0425531914893617,91,124
147,141,29,0.617021276595745,122,124
147,110,2,0.0425531914893617,92,124
147,111,1,0.0212765957446809,93,124
147,145,15,0.319148936170213,NA,124
147,143,1,0.0212765957446809,NA,124
147,138,22,0.468085106382979,119,124
147,107,1,0.0212765957446809,89,124
148,144,1,0.0212765957446809,NA,125
148,146,31,0.659574468085106,123,125
148,110,2,0.0425531914893617,92,125
148,111,4,0.0851063829787234,93,125
148,134,1,0.0212765957446809,115,125
148,113,1,0.0212765957446809,95,125
148,140,3,0.0638297872340425,121,125
148,138,6,0.127659574468085,119,125
148,112,18,0.382978723404255,NA,125
148,145,5,0.106382978723404,NA,125
148,114,1,0.0212765957446809,96,125
148,143,1,0.0212765957446809,NA,125
148,141,14,0.297872340425532,122,125
148,108,1,0.0212765957446809,90,125
148,142,1,0.0212765957446809,NA,125
148,147,41,0.872340425531915,124,125
149,141,1,0.0212765957446809,122,NA
149,148,1,0.0212765957446809,125,NA
149,147,1,0.0212765957446809,124,NA
150,148,1,0.0212765957446809,125,NA
150,149,1,0.0212765957446809,NA,NA
150,141,1,0.0212765957446809,122,NA
151,149,1,0.0212765957446809,NA,NA
151,150,1,0.0212765957446809,NA,NA
151,112,1,0.0212765957446809,NA,NA
151,148,1,0.0212765957446809,125,NA
151,113,1,0.0212765957446809,95,NA
151,141,1,0.0212765957446809,122,NA
152,150,1,0.0212765957446809,NA,NA
152,151,1,0.0212765957446809,NA,NA
152,149,1,0.0212765957446809,NA,NA
152,141,1,0.0212765957446809,122,NA
152,112,1,0.0212765957446809,NA,NA
153,108,9,0.191489361702128,90,126
153,132,1,0.0212765957446809,113,126
153,152,1,0.0212765957446809,NA,126
153,107,1,0.0212765957446809,89,126
153,140,1,0.0212765957446809,121,126
153,141,37,0.787234042553192,122,126
153,135,1,0.0212765957446809,116,126
153,109,1,0.0212765957446809,91,126
153,137,28,0.595744680851064,118,126
153,146,24,0.51063829787234,123,126
153,147,39,0.829787234042553,124,126
153,143,3,0.0638297872340425,NA,126
153,138,16,0.340425531914894,119,126
153,95,1,0.0212765957446809,78,126
153,151,1,0.0212765957446809,NA,126
153,112,43,0.914893617021277,NA,126
153,145,5,0.106382978723404,NA,126
153,114,45,0.957446808510638,96,126
153,134,3,0.0638297872340425,115,126
153,113,39,0.829787234042553,95,126
153,148,44,0.936170212765957,125,126
153,20,2,0.0425531914893617,24,126
153,111,37,0.787234042553192,93,126
154,114,46,0.978723404255319,96,127
154,113,46,0.978723404255319,95,127
154,17,1,0.0212765957446809,20,127
154,141,1,0.0212765957446809,122,127
154,9,1,0.0212765957446809,NA,127
154,148,43,0.914893617021277,125,127
154,152,1,0.0212765957446809,NA,127
154,153,46,0.978723404255319,126,127
154,145,1,0.0212765957446809,NA,127
154,112,45,0.957446808510638,NA,127
155,116,44,0.936170212765957,98,128
155,133,2,0.0425531914893617,114,128
155,140,1,0.0212765957446809,121,128
155,146,3,0.0638297872340425,123,128
155,115,2,0.0425531914893617,97,128
155,141,3,0.0638297872340425,122,128
155,148,2,0.0425531914893617,125,128
155,124,1,0.0212765957446809,106,128
155,114,47,1,96,128
155,127,1,0.0212765957446809,109,128
155,137,41,0.872340425531915,118,128
155,154,46,0.978723404255319,127,128
155,112,1,0.0212765957446809,NA,128
155,138,26,0.553191489361702,119,128
155,153,46,0.978723404255319,126,128
155,147,2,0.0425531914893617,124,128
155,134,40,0.851063829787234,115,128
155,113,10,0.212765957446809,95,128
156,113,13,0.276595744680851,95,129
156,137,1,0.0212765957446809,118,129
156,30,1,0.0212765957446809,34,129
156,155,47,1,128,129
156,116,47,1,98,129
156,114,47,1,96,129
156,115,46,0.978723404255319,97,129
156,148,1,0.0212765957446809,125,129
156,154,46,0.978723404255319,127,129
156,134,1,0.0212765957446809,115,129
157,129,7,0.148936170212766,NA,130
157,117,7,0.148936170212766,99,130
157,130,39,0.829787234042553,111,130
157,155,46,0.978723404255319,128,130
157,116,47,1,98,130
157,126,28,0.595744680851064,108,130
157,118,47,1,100,130
157,134,7,0.148936170212766,115,130
157,115,4,0.0851063829787234,97,130
157,156,47,1,129,130
158,26,1,0.0212765957446809,30,131
158,21,3,0.0638297872340425,25,131
158,25,1,0.0212765957446809,29,131
158,156,46,0.978723404255319,129,131
158,115,47,1,97,131
158,116,47,1,98,131
158,118,47,1,100,131
158,157,47,1,130,131
158,119,1,0.0212765957446809,101,131
158,30,1,0.0212765957446809,34,131
158,117,47,1,99,131
158,32,42,0.893617021276596,36,131
159,120,45,0.957446808510638,102,132
159,25,1,0.0212765957446809,29,132
159,158,47,1,131,132
159,119,7,0.148936170212766,101,132
159,24,1,0.0212765957446809,28,132
159,118,47,1,100,132
159,117,2,0.0425531914893617,99,132
159,157,47,1,130,132
159,26,1,0.0212765957446809,30,132
160,28,45,0.957446808510638,32,133
160,118,47,1,100,133
160,121,37,0.787234042553192,103,133
160,31,2,0.0425531914893617,35,133
160,158,47,1,131,133
160,29,2,0.0425531914893617,33,133
160,119,46,0.978723404255319,101,133
160,157,1,0.0212765957446809,130,133
160,120,45,0.957446808510638,102,133
160,159,47,1,132,133
160,32,43,0.914893617021277,36,133
160,27,45,0.957446808510638,31,133
160,117,45,0.957446808510638,99,133
161,28,43,0.914893617021277,32,134
161,121,42,0.893617021276596,103,134
161,119,46,0.978723404255319,101,134
161,26,44,0.936170212765957,30,134
161,122,4,0.0851063829787234,104,134
161,120,45,0.957446808510638,102,134
161,27,44,0.936170212765957,31,134
161,159,47,1,132,134
161,160,47,1,133,134
162,160,45,0.957446808510638,133,135
162,120,43,0.914893617021277,102,135
162,118,1,0.0212765957446809,100,135
162,161,45,0.957446808510638,134,135
162,159,41,0.872340425531915,132,135
162,119,1,0.0212765957446809,101,135
162,117,1,0.0212765957446809,99,135
163,30,1,0.0212765957446809,34,NA
163,28,1,0.0212765957446809,32,NA
163,161,1,0.0212765957446809,134,NA
163,31,1,0.0212765957446809,35,NA
163,160,1,0.0212765957446809,133,NA
163,27,1,0.0212765957446809,31,NA
164,160,1,0.0212765957446809,133,NA
164,159,1,0.0212765957446809,132,NA
164,162,44,0.936170212765957,135,NA
164,118,1,0.0212765957446809,100,NA
164,161,45,0.957446808510638,134,NA
164,163,1,0.0212765957446809,NA,NA
165,120,23,0.48936170212766,102,NA
165,162,44,0.936170212765957,135,NA
165,119,3,0.0638297872340425,101,NA
165,164,45,0.957446808510638,NA,NA
165,163,1,0.0212765957446809,NA,NA
165,161,44,0.936170212765957,134,NA
165,121,41,0.872340425531915,103,NA
166,162,38,0.808510638297872,135,136
166,121,7,0.148936170212766,103,136
166,164,45,0.957446808510638,NA,136
166,119,1,0.0212765957446809,101,136
166,165,45,0.957446808510638,NA,136
166,159,1,0.0212765957446809,132,136
166,161,23,0.48936170212766,134,136
166,118,1,0.0212765957446809,100,136
166,120,20,0.425531914893617,102,136
167,162,9,0.191489361702128,135,138
167,164,17,0.361702127659574,NA,138
167,121,10,0.212765957446809,103,138
167,161,2,0.0425531914893617,134,138
167,120,6,0.127659574468085,102,138
167,165,45,0.957446808510638,NA,138
167,166,46,0.978723404255319,136,138
167,118,1,0.0212765957446809,100,138
167,119,1,0.0212765957446809,101,138
168,167,1,0.0212765957446809,138,NA
168,164,1,0.0212765957446809,NA,NA
168,165,1,0.0212765957446809,NA,NA
168,166,1,0.0212765957446809,136,NA
169,167,1,0.0212765957446809,138,NA
169,165,1,0.0212765957446809,NA,NA
169,166,1,0.0212765957446809,136,NA
169,168,1,0.0212765957446809,NA,NA
169,121,1,0.0212765957446809,103,NA
170,165,1,0.0212765957446809,NA,NA
170,166,1,0.0212765957446809,136,NA
170,169,1,0.0212765957446809,NA,NA
170,168,1,0.0212765957446809,NA,NA
170,167,1,0.0212765957446809,138,NA
171,168,1,0.0212765957446809,NA,NA
171,169,1,0.0212765957446809,NA,NA
171,166,1,0.0212765957446809,136,NA
171,170,1,0.0212765957446809,NA,NA
171,167,1,0.0212765957446809,138,NA
172,171,1,0.0212765957446809,NA,NA
172,170,1,0.0212765957446809,NA,NA
172,169,1,0.0212765957446809,NA,NA
172,168,1,0.0212765957446809,NA,NA
172,166,5,0.106382978723404,136,NA
172,165,5,0.106382978723404,NA,NA
172,162,1,0.0212765957446809,135,NA
172,167,6,0.127659574468085,138,NA
172,164,5,0.106382978723404,NA,NA
173,170,1,0.0212765957446809,NA,NA
173,171,1,0.0212765957446809,NA,NA
173,169,1,0.0212765957446809,NA,NA
173,167,5,0.106382978723404,138,NA
173,172,6,0.127659574468085,NA,NA
174,165,28,0.595744680851064,NA,139
174,122,1,0.0212765957446809,104,139
174,169,1,0.0212765957446809,NA,139
174,173,6,0.127659574468085,NA,139
174,119,1,0.0212765957446809,101,139
174,118,1,0.0212765957446809,100,139
174,164,2,0.0425531914893617,NA,139
174,170,1,0.0212765957446809,NA,139
174,166,31,0.659574468085106,136,139
174,121,30,0.638297872340426,103,139
174,161,1,0.0212765957446809,134,139
174,167,32,0.680851063829787,138,139
174,172,6,0.127659574468085,NA,139
174,120,28,0.595744680851064,102,139
175,123,1,0.0212765957446809,105,140
175,118,1,0.0212765957446809,100,140
175,119,1,0.0212765957446809,101,140
175,121,44,0.936170212765957,103,140
175,162,24,0.51063829787234,135,140
175,161,3,0.0638297872340425,134,140
175,165,38,0.808510638297872,NA,140
175,173,6,0.127659574468085,NA,140
175,160,1,0.0212765957446809,133,140
175,167,39,0.829787234042553,138,140
175,117,1,0.0212765957446809,99,140
175,124,1,0.0212765957446809,106,140
175,172,5,0.106382978723404,NA,140
175,159,1,0.0212765957446809,132,140
175,166,34,0.723404255319149,136,140
175,120,38,0.808510638297872,102,140
175,174,38,0.808510638297872,139,140
175,116,1,0.0212765957446809,98,140
176,166,6,0.127659574468085,136,141
176,119,1,0.0212765957446809,101,141
176,173,5,0.106382978723404,NA,141
176,167,14,0.297872340425532,138,141
176,172,5,0.106382978723404,NA,141
176,165,4,0.0851063829787234,NA,141
176,122,38,0.808510638297872,104,141
176,174,38,0.808510638297872,139,141
176,120,38,0.808510638297872,102,141
176,121,40,0.851063829787234,103,141
176,175,45,0.957446808510638,140,141
176,123,38,0.808510638297872,105,141
176,124,11,0.234042553191489,106,141
176,169,1,0.0212765957446809,NA,141
177,120,38,0.808510638297872,102,142
177,126,39,0.829787234042553,108,142
177,167,2,0.0425531914893617,138,142
177,123,39,0.829787234042553,105,142
177,176,47,1,141,142
177,122,38,0.808510638297872,104,142
177,173,5,0.106382978723404,NA,142
177,159,1,0.0212765957446809,132,142
177,174,7,0.148936170212766,139,142
177,121,9,0.191489361702128,103,142
177,125,1,0.0212765957446809,107,142
177,119,38,0.808510638297872,101,142
177,172,1,0.0212765957446809,NA,142
177,165,2,0.0425531914893617,NA,142
177,175,45,0.957446808510638,140,142
177,166,1,0.0212765957446809,136,142
177,118,38,0.808510638297872,100,142
178,177,5,0.106382978723404,142,NA
178,173,2,0.0425531914893617,NA,NA
178,121,2,0.0425531914893617,103,NA
178,166,2,0.0425531914893617,136,NA
178,174,5,0.106382978723404,139,NA
178,167,1,0.0212765957446809,138,NA
178,175,5,0.106382978723404,140,NA
178,176,5,0.106382978723404,141,NA
178,165,2,0.0425531914893617,NA,NA
179,177,5,0.106382978723404,142,NA
179,174,1,0.0212765957446809,139,NA
179,178,5,0.106382978723404,NA,NA
179,175,5,0.106382978723404,140,NA
179,176,5,0.106382978723404,141,NA
179,123,2,0.0425531914893617,105,NA
179,121,3,0.0638297872340425,103,NA
180,176,5,0.106382978723404,141,NA
180,178,5,0.106382978723404,NA,NA
180,179,5,0.106382978723404,NA,NA
180,175,2,0.0425531914893617,140,NA
180,177,5,0.106382978723404,142,NA
181,176,1,0.0212765957446809,141,NA
181,179,5,0.106382978723404,NA,NA
181,180,5,0.106382978723404,NA,NA
181,178,5,0.106382978723404,NA,NA
181,177,5,0.106382978723404,142,NA
182,178,5,0.106382978723404,NA,NA
182,176,2,0.0425531914893617,141,NA
182,175,2,0.0425531914893617,140,NA
182,174,2,0.0425531914893617,139,NA
182,180,5,0.106382978723404,NA,NA
182,177,2,0.0425531914893617,142,NA
182,179,5,0.106382978723404,NA,NA
182,181,5,0.106382978723404,NA,NA
183,175,2,0.0425531914893617,140,NA
183,180,3,0.0638297872340425,NA,NA
183,176,2,0.0425531914893617,141,NA
183,182,7,0.148936170212766,NA,NA
183,177,2,0.0425531914893617,142,NA
183,179,3,0.0638297872340425,NA,NA
183,181,5,0.106382978723404,NA,NA
184,178,2,0.0425531914893617,NA,NA
184,123,3,0.0638297872340425,105,NA
184,177,2,0.0425531914893617,142,NA
184,175,1,0.0212765957446809,140,NA
184,121,3,0.0638297872340425,103,NA
184,179,3,0.0638297872340425,NA,NA
184,180,3,0.0638297872340425,NA,NA
184,183,7,0.148936170212766,NA,NA
184,182,6,0.127659574468085,NA,NA
184,181,2,0.0425531914893617,NA,NA
184,124,2,0.0425531914893617,106,NA
184,176,2,0.0425531914893617,141,NA
185,121,3,0.0638297872340425,103,NA
185,183,6,0.127659574468085,NA,NA
185,122,3,0.0638297872340425,104,NA
185,176,2,0.0425531914893617,141,NA
185,184,7,0.148936170212766,NA,NA
185,120,3,0.0638297872340425,102,NA
185,179,3,0.0638297872340425,NA,NA
185,123,7,0.148936170212766,105,NA
185,178,2,0.0425531914893617,NA,NA
186,120,6,0.127659574468085,102,NA
186,121,6,0.127659574468085,103,NA
186,176,5,0.106382978723404,141,NA
186,179,3,0.0638297872340425,NA,NA
186,123,2,0.0425531914893617,105,NA
186,183,1,0.0212765957446809,NA,NA
186,185,7,0.148936170212766,NA,NA
186,178,2,0.0425531914893617,NA,NA
186,175,2,0.0425531914893617,140,NA
186,184,7,0.148936170212766,NA,NA
186,166,7,0.148936170212766,136,NA
186,165,2,0.0425531914893617,NA,NA
187,186,7,0.148936170212766,NA,NA
187,121,4,0.0851063829787234,103,NA
187,120,7,0.148936170212766,102,NA
187,166,7,0.148936170212766,136,NA
187,123,7,0.148936170212766,105,NA
187,118,7,0.148936170212766,100,NA
187,122,7,0.148936170212766,104,NA
187,126,7,0.148936170212766,108,NA
187,185,7,0.148936170212766,NA,NA
187,119,7,0.148936170212766,101,NA
188,118,11,0.234042553191489,100,143
188,177,40,0.851063829787234,142,143
188,120,1,0.0212765957446809,102,143
188,185,1,0.0212765957446809,NA,143
188,123,9,0.191489361702128,105,143
188,176,41,0.872340425531915,141,143
188,187,7,0.148936170212766,NA,143
188,175,34,0.723404255319149,140,143
188,166,8,0.170212765957447,136,143
188,186,7,0.148936170212766,NA,143
189,175,34,0.723404255319149,140,144
189,118,1,0.0212765957446809,100,144
189,177,40,0.851063829787234,142,144
189,124,1,0.0212765957446809,106,144
189,176,1,0.0212765957446809,141,144
189,120,2,0.0425531914893617,102,144
189,167,1,0.0212765957446809,138,144
189,159,2,0.0425531914893617,132,144
189,166,8,0.170212765957447,136,144
189,188,47,1,143,144
189,187,7,0.148936170212766,NA,144
190,176,1,0.0212765957446809,141,145
190,177,1,0.0212765957446809,142,145
190,175,1,0.0212765957446809,140,145
190,155,1,0.0212765957446809,128,145
190,189,47,1,144,145
190,124,1,0.0212765957446809,106,145
190,188,47,1,143,145
190,116,1,0.0212765957446809,98,145
191,189,47,1,144,146
191,176,20,0.425531914893617,141,146
191,123,15,0.319148936170213,105,146
191,131,3,0.0638297872340425,112,146
191,187,7,0.148936170212766,NA,146
191,177,34,0.723404255319149,142,146
191,188,47,1,143,146
191,190,47,1,145,146
191,126,46,0.978723404255319,108,146
191,185,2,0.0425531914893617,NA,146
191,186,7,0.148936170212766,NA,146
191,127,2,0.0425531914893617,109,146
192,189,47,1,144,147
192,177,40,0.851063829787234,142,147
192,157,42,0.893617021276596,130,147
192,188,47,1,143,147
192,187,7,0.148936170212766,NA,147
192,159,1,0.0212765957446809,132,147
192,190,47,1,145,147
192,126,46,0.978723404255319,108,147
192,118,46,0.978723404255319,100,147
192,191,47,1,146,147
192,120,1,0.0212765957446809,102,147
192,175,1,0.0212765957446809,140,147
193,192,46,0.978723404255319,147,148
193,128,1,0.0212765957446809,110,148
193,124,1,0.0212765957446809,106,148
193,132,1,0.0212765957446809,113,148
193,190,46,0.978723404255319,145,148
193,191,46,0.978723404255319,146,148
193,127,1,0.0212765957446809,109,148
193,189,46,0.978723404255319,144,148
193,155,1,0.0212765957446809,128,148
193,188,7,0.148936170212766,143,148
194,190,47,1,145,149
194,192,47,1,147,149
194,188,1,0.0212765957446809,143,149
194,155,1,0.0212765957446809,128,149
194,189,31,0.659574468085106,144,149
194,191,47,1,146,149
194,193,46,0.978723404255319,148,149
194,126,6,0.127659574468085,108,149
195,194,47,1,149,150
195,130,41,0.872340425531915,111,150
195,134,21,0.446808510638298,115,150
195,128,1,0.0212765957446809,110,150
195,129,7,0.148936170212766,NA,150
195,127,4,0.0851063829787234,109,150
195,190,19,0.404255319148936,145,150
195,192,47,1,147,150
195,118,5,0.106382978723404,100,150
195,193,46,0.978723404255319,148,150
195,126,45,0.957446808510638,108,150
195,135,4,0.0851063829787234,116,150
195,191,47,1,146,150
195,131,33,0.702127659574468,112,150
195,116,4,0.0851063829787234,98,150
195,157,46,0.978723404255319,130,150
196,195,47,1,150,151
196,193,46,0.978723404255319,148,151
196,157,46,0.978723404255319,130,151
196,191,8,0.170212765957447,146,151
196,192,47,1,147,151
196,194,47,1,149,151
197,194,47,1,149,152
197,190,4,0.0851063829787234,145,152
197,196,47,1,151,152
197,136,1,0.0212765957446809,117,152
197,195,47,1,150,152
197,128,1,0.0212765957446809,110,152
197,132,1,0.0212765957446809,113,152
197,193,46,0.978723404255319,148,152
197,192,18,0.382978723404255,147,152
198,138,2,0.0425531914893617,119,153
198,134,3,0.0638297872340425,115,153
198,196,47,1,151,153
198,194,47,1,149,153
198,193,18,0.382978723404255,148,153
198,153,1,0.0212765957446809,126,153
198,130,6,0.127659574468085,111,153
198,197,47,1,152,153
198,136,1,0.0212765957446809,117,153
198,195,47,1,150,153
198,131,4,0.0851063829787234,112,153
199,196,46,0.978723404255319,151,154
199,138,23,0.48936170212766,119,154
199,198,47,1,153,154
199,137,1,0.0212765957446809,118,154
199,135,6,0.127659574468085,116,154
199,130,18,0.382978723404255,111,154
199,154,1,0.0212765957446809,127,154
199,197,47,1,152,154
199,155,13,0.276595744680851,128,154
199,131,22,0.468085106382979,112,154
199,153,1,0.0212765957446809,126,154
199,116,12,0.25531914893617,98,154
199,134,46,0.978723404255319,115,154
199,148,1,0.0212765957446809,125,154
199,147,3,0.0638297872340425,124,154
199,129,7,0.148936170212766,NA,154
199,114,1,0.0212765957446809,96,154
199,193,1,0.0212765957446809,148,154
199,132,1,0.0212765957446809,113,154
199,195,47,1,150,154
199,157,16,0.340425531914894,130,154
199,194,13,0.276595744680851,149,154
201,134,5,0.106382978723404,115,155
201,154,1,0.0212765957446809,127,155
201,198,45,0.957446808510638,153,155
201,194,1,0.0212765957446809,149,155
201,147,3,0.0638297872340425,124,155
201,138,6,0.127659574468085,119,155
201,197,44,0.936170212765957,152,155
201,196,44,0.936170212765957,151,155
201,195,14,0.297872340425532,150,155
201,199,45,0.957446808510638,154,155
201,153,1,0.0212765957446809,126,155
201,148,2,0.0425531914893617,125,155
201,155,14,0.297872340425532,128,155
202,199,13,0.276595744680851,154,NA
202,193,1,0.0212765957446809,148,NA
202,196,13,0.276595744680851,151,NA
202,156,8,0.170212765957447,129,NA
202,197,9,0.191489361702128,152,NA
202,157,7,0.148936170212766,130,NA
202,155,8,0.170212765957447,128,NA
202,201,11,0.234042553191489,155,NA
202,198,6,0.127659574468085,153,NA
203,202,12,0.25531914893617,NA,156
203,155,46,0.978723404255319,128,156
203,193,1,0.0212765957446809,148,156
203,156,32,0.680851063829787,129,156
203,147,1,0.0212765957446809,124,156
203,197,34,0.723404255319149,152,156
203,154,7,0.148936170212766,127,156
203,195,17,0.361702127659574,150,156
203,177,1,0.0212765957446809,142,156
203,190,1,0.0212765957446809,145,156
203,116,11,0.234042553191489,98,156
203,191,1,0.0212765957446809,146,156
203,194,1,0.0212765957446809,149,156
203,201,45,0.957446808510638,155,156
203,134,27,0.574468085106383,115,156
203,196,42,0.893617021276596,151,156
203,157,39,0.829787234042553,130,156
203,138,10,0.212765957446809,119,156
203,153,4,0.0851063829787234,126,156
203,199,39,0.829787234042553,154,156
204,156,47,1,129,157
204,157,47,1,130,157
204,196,41,0.872340425531915,151,157
204,155,47,1,128,157
204,203,46,0.978723404255319,156,157
204,202,13,0.276595744680851,NA,157
204,154,9,0.191489361702128,127,157
204,201,34,0.723404255319149,155,157
204,193,1,0.0212765957446809,148,157
205,175,1,0.0212765957446809,140,158
205,160,1,0.0212765957446809,133,158
205,159,46,0.978723404255319,132,158
205,188,8,0.170212765957447,143,158
205,202,1,0.0212765957446809,NA,158
205,120,16,0.340425531914894,102,158
205,195,1,0.0212765957446809,150,158
205,177,1,0.0212765957446809,142,158
205,158,38,0.808510638297872,131,158
205,156,19,0.404255319148936,129,158
205,189,44,0.936170212765957,144,158
205,118,47,1,100,158
205,193,45,0.957446808510638,148,158
205,126,1,0.0212765957446809,108,158
205,176,1,0.0212765957446809,141,158
205,167,1,0.0212765957446809,138,158
205,192,46,0.978723404255319,147,158
205,116,1,0.0212765957446809,98,158
205,157,47,1,130,158
205,196,45,0.957446808510638,151,158
205,204,47,1,157,158
205,203,46,0.978723404255319,156,158
205,187,4,0.0851063829787234,NA,158
206,158,47,1,131,159
206,193,1,0.0212765957446809,148,159
206,156,40,0.851063829787234,129,159
206,205,47,1,158,159
206,157,47,1,130,159
206,159,47,1,132,159
206,189,3,0.0638297872340425,144,159
206,30,1,0.0212765957446809,34,159
206,160,1,0.0212765957446809,133,159
206,204,47,1,157,159
206,161,1,0.0212765957446809,134,159
207,160,3,0.0638297872340425,133,160
207,206,47,1,159,160
207,177,24,0.51063829787234,142,160
207,167,1,0.0212765957446809,138,160
207,205,47,1,158,160
207,158,5,0.106382978723404,131,160
207,118,23,0.48936170212766,100,160
207,187,5,0.106382978723404,NA,160
207,161,1,0.0212765957446809,134,160
207,166,10,0.212765957446809,136,160
207,120,38,0.808510638297872,102,160
207,189,45,0.957446808510638,144,160
207,159,47,1,132,160
207,192,3,0.0638297872340425,147,160
207,175,34,0.723404255319149,140,160
207,193,2,0.0425531914893617,148,160
207,162,44,0.936170212765957,135,160
207,188,28,0.595744680851064,143,160
208,159,46,0.978723404255319,132,161
208,30,1,0.0212765957446809,34,161
208,32,45,0.957446808510638,36,161
208,166,1,0.0212765957446809,136,161
208,162,44,0.936170212765957,135,161
208,160,46,0.978723404255319,133,161
208,120,10,0.212765957446809,102,161
208,117,2,0.0425531914893617,99,161
208,206,47,1,159,161
208,161,46,0.978723404255319,134,161
208,33,1,0.0212765957446809,37,161
208,164,27,0.574468085106383,NA,161
208,158,47,1,131,161
208,42,1,0.0212765957446809,43,161
208,26,1,0.0212765957446809,30,161
208,207,47,1,160,161
208,29,1,0.0212765957446809,33,161
209,42,1,0.0212765957446809,43,162
209,160,39,0.829787234042553,133,162
209,161,47,1,134,162
209,32,22,0.468085106382979,36,162
209,166,1,0.0212765957446809,136,162
209,120,1,0.0212765957446809,102,162
209,165,1,0.0212765957446809,NA,162
209,35,11,0.234042553191489,39,162
209,164,43,0.914893617021277,NA,162
209,33,1,0.0212765957446809,37,162
209,162,44,0.936170212765957,135,162
209,207,47,1,160,162
209,208,47,1,161,162
209,159,1,0.0212765957446809,132,162
209,44,1,0.0212765957446809,45,162
210,28,33,0.702127659574468,32,163
210,207,1,0.0212765957446809,160,163
210,163,1,0.0212765957446809,NA,163
210,208,46,0.978723404255319,161,163
210,31,45,0.957446808510638,35,163
210,209,46,0.978723404255319,162,163
210,33,1,0.0212765957446809,37,163
210,161,11,0.234042553191489,134,163
210,43,12,0.25531914893617,44,163
210,44,38,0.808510638297872,45,163
210,165,1,0.0212765957446809,NA,163
210,35,44,0.936170212765957,39,163
210,164,3,0.0638297872340425,NA,163
210,32,44,0.936170212765957,36,163
210,160,38,0.808510638297872,133,163
210,162,1,0.0212765957446809,135,163
211,207,1,0.0212765957446809,160,164
211,160,1,0.0212765957446809,133,164
211,161,1,0.0212765957446809,134,164
211,46,10,0.212765957446809,47,164
211,35,34,0.723404255319149,39,164
211,209,46,0.978723404255319,162,164
211,164,43,0.914893617021277,NA,164
211,31,3,0.0638297872340425,35,164
211,44,38,0.808510638297872,45,164
211,37,1,0.0212765957446809,41,164
211,208,1,0.0212765957446809,161,164
211,47,1,0.0212765957446809,55,164
211,166,2,0.0425531914893617,136,164
211,210,46,0.978723404255319,163,164
211,33,1,0.0212765957446809,37,164
211,165,1,0.0212765957446809,NA,164
212,35,1,0.0212765957446809,39,NA
212,209,1,0.0212765957446809,162,NA
212,164,1,0.0212765957446809,NA,NA
212,210,1,0.0212765957446809,163,NA
212,211,1,0.0212765957446809,164,NA
213,212,1,0.0212765957446809,NA,NA
213,162,1,0.0212765957446809,135,NA
213,211,1,0.0212765957446809,164,NA
213,209,1,0.0212765957446809,162,NA
213,208,1,0.0212765957446809,161,NA
214,43,1,0.0212765957446809,44,NA
214,213,1,0.0212765957446809,NA,NA
214,35,2,0.0425531914893617,39,NA
214,210,1,0.0212765957446809,163,NA
214,209,1,0.0212765957446809,162,NA
214,211,1,0.0212765957446809,164,NA
214,44,1,0.0212765957446809,45,NA
214,212,1,0.0212765957446809,NA,NA
215,207,1,0.0212765957446809,160,165
215,35,26,0.553191489361702,39,165
215,211,44,0.936170212765957,164,165
215,205,1,0.0212765957446809,158,165
215,214,2,0.0425531914893617,NA,165
215,209,43,0.914893617021277,162,165
215,210,43,0.914893617021277,163,165
215,166,1,0.0212765957446809,136,165
215,164,40,0.851063829787234,NA,165
215,212,1,0.0212765957446809,NA,165
215,160,1,0.0212765957446809,133,165
215,162,3,0.0638297872340425,135,165
215,208,1,0.0212765957446809,161,165
215,213,1,0.0212765957446809,NA,165
215,206,1,0.0212765957446809,159,165
216,42,14,0.297872340425532,43,166
216,215,45,0.957446808510638,165,166
216,36,8,0.170212765957447,40,166
216,204,1,0.0212765957446809,157,166
216,207,1,0.0212765957446809,160,166
216,34,1,0.0212765957446809,38,166
216,44,2,0.0425531914893617,45,166
216,206,1,0.0212765957446809,159,166
216,213,1,0.0212765957446809,NA,166
216,208,2,0.0425531914893617,161,166
216,209,44,0.936170212765957,162,166
216,162,1,0.0212765957446809,135,166
216,210,42,0.893617021276596,163,166
216,43,5,0.106382978723404,44,166
216,164,1,0.0212765957446809,NA,166
216,35,42,0.893617021276596,39,166
216,205,1,0.0212765957446809,158,166
216,214,2,0.0425531914893617,NA,166
216,211,45,0.957446808510638,164,166
217,210,8,0.170212765957447,163,167
217,208,41,0.872340425531915,161,167
217,167,2,0.0425531914893617,138,167
217,206,1,0.0212765957446809,159,167
217,211,4,0.0851063829787234,164,167
217,42,1,0.0212765957446809,43,167
217,209,42,0.893617021276596,162,167
217,207,41,0.872340425531915,160,167
217,30,1,0.0212765957446809,34,167
217,215,45,0.957446808510638,165,167
217,35,2,0.0425531914893617,39,167
217,216,46,0.978723404255319,166,167
217,213,1,0.0212765957446809,NA,167
217,33,1,0.0212765957446809,37,167
217,214,1,0.0212765957446809,NA,167
217,164,3,0.0638297872340425,NA,167
217,34,1,0.0212765957446809,38,167
217,162,38,0.808510638297872,135,167
218,217,1,0.0212765957446809,167,NA
218,216,1,0.0212765957446809,166,NA
219,61,1,0.0212765957446809,58,168
219,34,1,0.0212765957446809,38,168
219,210,2,0.0425531914893617,163,168
219,206,42,0.893617021276596,159,168
219,208,46,0.978723404255319,161,168
219,217,46,0.978723404255319,167,168
219,213,1,0.0212765957446809,NA,168
219,216,46,0.978723404255319,166,168
219,215,2,0.0425531914893617,165,168
219,211,1,0.0212765957446809,164,168
219,218,1,0.0212765957446809,NA,168
219,214,1,0.0212765957446809,NA,168
219,32,3,0.0638297872340425,36,168
219,207,45,0.957446808510638,160,168
219,209,4,0.0851063829787234,162,168
219,162,6,0.127659574468085,135,168
220,219,46,0.978723404255319,168,169
220,210,42,0.893617021276596,163,169
220,36,42,0.893617021276596,40,169
220,218,1,0.0212765957446809,NA,169
220,217,46,0.978723404255319,167,169
220,32,45,0.957446808510638,36,169
220,216,44,0.936170212765957,166,169
220,206,1,0.0212765957446809,159,169
220,35,45,0.957446808510638,39,169
220,215,1,0.0212765957446809,165,169
220,204,1,0.0212765957446809,157,169
220,209,44,0.936170212765957,162,169
220,208,44,0.936170212765957,161,169
220,160,5,0.106382978723404,133,169
221,63,14,0.297872340425532,60,170
221,65,1,0.0212765957446809,61,170
221,42,4,0.0851063829787234,43,170
221,206,1,0.0212765957446809,159,170
221,68,1,0.0212765957446809,64,170
221,218,1,0.0212765957446809,NA,170
221,35,5,0.106382978723404,39,170
221,113,1,0.0212765957446809,95,170
221,36,41,0.872340425531915,40,170
221,219,47,1,168,170
221,217,4,0.0851063829787234,167,170
221,67,1,0.0212765957446809,63,170
221,216,34,0.723404255319149,166,170
221,66,5,0.106382978723404,62,170
221,204,1,0.0212765957446809,157,170
221,156,1,0.0212765957446809,129,170
221,220,46,0.978723404255319,169,170
222,217,13,0.276595744680851,167,171
222,17,1,0.0212765957446809,20,171
222,19,1,0.0212765957446809,23,171
222,221,47,1,170,171
222,218,1,0.0212765957446809,NA,171
222,34,1,0.0212765957446809,38,171
222,204,1,0.0212765957446809,157,171
222,156,2,0.0425531914893617,129,171
222,30,1,0.0212765957446809,34,171
222,220,46,0.978723404255319,169,171
222,31,1,0.0212765957446809,35,171
222,206,42,0.893617021276596,159,171
222,113,1,0.0212765957446809,95,171
222,216,6,0.127659574468085,166,171
222,86,1,0.0212765957446809,71,171
222,219,47,1,168,171
223,220,46,0.978723404255319,169,172
223,157,4,0.0851063829787234,130,172
223,32,23,0.48936170212766,36,172
223,117,1,0.0212765957446809,99,172
223,222,47,1,171,172
223,205,1,0.0212765957446809,158,172
223,19,1,0.0212765957446809,23,172
223,206,46,0.978723404255319,159,172
223,65,1,0.0212765957446809,61,172
223,115,43,0.914893617021277,97,172
223,208,42,0.893617021276596,161,172
223,21,2,0.0425531914893617,25,172
223,217,1,0.0212765957446809,167,172
223,66,1,0.0212765957446809,62,172
223,156,44,0.936170212765957,129,172
223,221,47,1,170,172
223,63,1,0.0212765957446809,60,172
223,158,45,0.957446808510638,131,172
223,219,47,1,168,172
223,207,2,0.0425531914893617,160,172
223,204,5,0.106382978723404,157,172
224,17,1,0.0212765957446809,20,173
224,219,6,0.127659574468085,168,173
224,63,3,0.0638297872340425,60,173
224,68,4,0.0851063829787234,64,173
224,222,47,1,171,173
224,66,15,0.319148936170213,62,173
224,115,41,0.872340425531915,97,173
224,223,47,1,172,173
224,61,1,0.0212765957446809,58,173
224,86,33,0.702127659574468,71,173
224,158,1,0.0212765957446809,131,173
224,221,47,1,170,173
224,201,1,0.0212765957446809,155,173
224,33,36,0.765957446808511,37,173
224,19,39,0.829787234042553,23,173
224,220,46,0.978723404255319,169,173
224,88,44,0.936170212765957,73,173
224,156,1,0.0212765957446809,129,173
224,203,1,0.0212765957446809,156,173
224,21,32,0.680851063829787,25,173
224,35,3,0.0638297872340425,39,173
224,32,45,0.957446808510638,36,173
224,204,1,0.0212765957446809,157,173
224,36,45,0.957446808510638,40,173
225,112,1,0.0212765957446809,NA,174
225,223,47,1,172,174
225,86,6,0.127659574468085,71,174
225,222,47,1,171,174
225,63,6,0.127659574468085,60,174
225,148,1,0.0212765957446809,125,174
225,224,47,1,173,174
225,153,1,0.0212765957446809,126,174
225,19,1,0.0212765957446809,23,174
225,69,3,0.0638297872340425,65,174
225,68,30,0.638297872340426,64,174
225,154,1,0.0212765957446809,127,174
225,221,47,1,170,174
225,220,7,0.148936170212766,169,174
225,113,1,0.0212765957446809,95,174
225,82,1,0.0212765957446809,67,174
225,201,1,0.0212765957446809,155,174
225,65,1,0.0212765957446809,61,174
225,66,26,0.553191489361702,62,174
225,36,21,0.446808510638298,40,174
225,67,22,0.468085106382979,63,174
225,111,1,0.0212765957446809,93,174
225,17,1,0.0212765957446809,20,174
226,206,34,0.723404255319149,159,175
226,223,47,1,172,175
226,17,1,0.0212765957446809,20,175
226,205,4,0.0851063829787234,158,175
226,202,1,0.0212765957446809,NA,175
226,155,3,0.0638297872340425,128,175
226,225,47,1,174,175
226,204,33,0.702127659574468,157,175
226,221,36,0.765957446808511,170,175
226,66,1,0.0212765957446809,62,175
226,63,1,0.0212765957446809,60,175
226,154,2,0.0425531914893617,127,175
226,156,33,0.702127659574468,129,175
226,84,1,0.0212765957446809,69,175
226,222,47,1,171,175
226,203,2,0.0425531914893617,156,175
226,15,1,0.0212765957446809,NA,175
226,82,1,0.0212765957446809,67,175
226,224,47,1,173,175
226,34,1,0.0212765957446809,38,175
227,155,22,0.468085106382979,128,176
227,222,32,0.680851063829787,171,176
227,156,46,0.978723404255319,129,176
227,223,47,1,172,176
227,158,1,0.0212765957446809,131,176
227,115,46,0.978723404255319,97,176
227,113,46,0.978723404255319,95,176
227,226,47,1,175,176
227,19,46,0.978723404255319,23,176
227,224,47,1,173,176
227,114,26,0.553191489361702,96,176
227,17,5,0.106382978723404,20,176
227,154,32,0.680851063829787,127,176
227,225,47,1,174,176
227,20,1,0.0212765957446809,24,176
227,66,1,0.0212765957446809,62,176
227,86,12,0.25531914893617,71,176
227,204,9,0.191489361702128,157,176
228,148,1,0.0212765957446809,125,177
228,224,47,1,173,177
228,225,47,1,174,177
228,17,35,0.74468085106383,20,177
228,84,31,0.659574468085106,69,177
228,19,17,0.361702127659574,23,177
228,68,38,0.808510638297872,64,177
228,226,47,1,175,177
228,113,1,0.0212765957446809,95,177
228,82,1,0.0212765957446809,67,177
228,63,1,0.0212765957446809,60,177
228,69,1,0.0212765957446809,65,177
228,86,44,0.936170212765957,71,177
228,227,47,1,176,177
228,15,3,0.0638297872340425,NA,177
228,201,1,0.0212765957446809,155,177
228,36,8,0.170212765957447,40,177
228,223,4,0.0851063829787234,172,177
228,66,30,0.638297872340426,62,177
229,67,1,0.0212765957446809,63,178
229,148,1,0.0212765957446809,125,178
229,222,8,0.170212765957447,171,178
229,224,17,0.361702127659574,173,178
229,225,46,0.978723404255319,174,178
229,110,1,0.0212765957446809,92,178
229,227,46,0.978723404255319,176,178
229,111,1,0.0212765957446809,93,178
229,69,24,0.51063829787234,65,178
229,82,1,0.0212765957446809,67,178
229,203,1,0.0212765957446809,156,178
229,15,2,0.0425531914893617,NA,178
229,68,33,0.702127659574468,64,178
229,77,1,0.0212765957446809,NA,178
229,17,1,0.0212765957446809,20,178
229,226,46,0.978723404255319,175,178
229,228,46,0.978723404255319,177,178
229,70,1,0.0212765957446809,NA,178
229,154,1,0.0212765957446809,127,178
229,66,2,0.0425531914893617,62,178
230,67,1,0.0212765957446809,63,179
230,227,46,0.978723404255319,176,179
230,229,46,0.978723404255319,178,179
230,154,44,0.936170212765957,127,179
230,201,2,0.0425531914893617,155,179
230,69,1,0.0212765957446809,65,179
230,112,3,0.0638297872340425,NA,179
230,226,46,0.978723404255319,175,179
230,202,2,0.0425531914893617,NA,179
230,66,1,0.0212765957446809,62,179
230,153,1,0.0212765957446809,126,179
230,11,1,0.0212765957446809,NA,179
230,82,1,0.0212765957446809,67,179
230,204,32,0.680851063829787,157,179
230,228,46,0.978723404255319,177,179
230,113,12,0.25531914893617,95,179
230,15,1,0.0212765957446809,NA,179
230,156,24,0.51063829787234,129,179
230,225,12,0.25531914893617,174,179
230,203,7,0.148936170212766,156,179
230,155,13,0.276595744680851,128,179
231,148,1,0.0212765957446809,125,180
231,68,1,0.0212765957446809,64,180
231,229,46,0.978723404255319,178,180
231,15,8,0.170212765957447,NA,180
231,9,1,0.0212765957446809,NA,180
231,67,1,0.0212765957446809,63,180
231,84,4,0.0851063829787234,69,180
231,86,8,0.170212765957447,71,180
231,11,1,0.0212765957446809,NA,180
231,226,11,0.234042553191489,175,180
231,154,42,0.893617021276596,127,180
231,16,5,0.106382978723404,19,180
231,17,44,0.936170212765957,20,180
231,18,7,0.148936170212766,22,180
231,113,42,0.893617021276596,95,180
231,228,46,0.978723404255319,177,180
231,19,26,0.553191489361702,23,180
231,227,46,0.978723404255319,176,180
231,230,46,0.978723404255319,179,180
231,155,1,0.0212765957446809,128,180
231,112,43,0.914893617021277,NA,180
232,231,45,0.957446808510638,180,181
232,67,1,0.0212765957446809,63,181
232,15,23,0.48936170212766,NA,181
232,68,29,0.617021276595745,64,181
232,147,1,0.0212765957446809,124,181
232,82,27,0.574468085106383,67,181
232,81,1,0.0212765957446809,NA,181
232,229,40,0.851063829787234,178,181
232,154,2,0.0425531914893617,127,181
232,148,2,0.0425531914893617,125,181
232,76,1,0.0212765957446809,NA,181
232,11,1,0.0212765957446809,NA,181
232,228,39,0.829787234042553,177,181
232,12,1,0.0212765957446809,NA,181
232,146,1,0.0212765957446809,123,181
232,17,34,0.723404255319149,20,181
232,80,1,0.0212765957446809,66,181
232,84,28,0.595744680851064,69,181
232,230,45,0.957446808510638,179,181
232,69,17,0.361702127659574,65,181
232,78,1,0.0212765957446809,NA,181
232,66,2,0.0425531914893617,62,181
232,227,8,0.170212765957447,176,181
232,83,8,0.170212765957447,68,181
232,77,1,0.0212765957446809,NA,181
233,203,1,0.0212765957446809,156,182
233,148,1,0.0212765957446809,125,182
233,69,3,0.0638297872340425,65,182
233,230,37,0.787234042553192,179,182
233,16,1,0.0212765957446809,19,182
233,226,2,0.0425531914893617,175,182
233,15,4,0.0851063829787234,NA,182
233,68,2,0.0425531914893617,64,182
233,228,15,0.319148936170213,177,182
233,112,1,0.0212765957446809,NA,182
233,154,2,0.0425531914893617,127,182
233,113,1,0.0212765957446809,95,182
233,231,43,0.914893617021277,180,182
233,82,2,0.0425531914893617,67,182
233,17,2,0.0425531914893617,20,182
233,153,1,0.0212765957446809,126,182
233,11,1,0.0212765957446809,NA,182
233,229,38,0.808510638297872,178,182
233,70,1,0.0212765957446809,NA,182
233,232,43,0.914893617021277,181,182
234,68,1,0.0212765957446809,64,183
234,9,1,0.0212765957446809,NA,183
234,148,16,0.340425531914894,125,183
234,8,1,0.0212765957446809,NA,183
234,201,1,0.0212765957446809,155,183
234,229,9,0.191489361702128,178,183
234,113,2,0.0425531914893617,95,183
234,147,2,0.0425531914893617,124,183
234,146,3,0.0638297872340425,123,183
234,153,13,0.276595744680851,126,183
234,145,2,0.0425531914893617,NA,183
234,233,27,0.574468085106383,182,183
234,154,20,0.425531914893617,127,183
234,80,1,0.0212765957446809,66,183
234,11,1,0.0212765957446809,NA,183
234,112,4,0.0851063829787234,NA,183
234,82,1,0.0212765957446809,67,183
234,111,1,0.0212765957446809,93,183
234,230,24,0.51063829787234,179,183
234,155,4,0.0851063829787234,128,183
234,231,25,0.531914893617021,180,183
234,232,27,0.574468085106383,181,183
235,81,1,0.0212765957446809,NA,184
235,234,21,0.446808510638298,183,184
235,154,1,0.0212765957446809,127,184
235,82,1,0.0212765957446809,67,184
235,9,1,0.0212765957446809,NA,184
235,67,1,0.0212765957446809,63,184
235,16,2,0.0425531914893617,19,184
235,17,14,0.297872340425532,20,184
235,69,1,0.0212765957446809,65,184
235,232,18,0.382978723404255,181,184
235,18,1,0.0212765957446809,22,184
235,112,7,0.148936170212766,NA,184
235,230,3,0.0638297872340425,179,184
235,15,10,0.212765957446809,NA,184
235,229,1,0.0212765957446809,178,184
235,153,1,0.0212765957446809,126,184
235,11,1,0.0212765957446809,NA,184
235,231,18,0.382978723404255,180,184
235,148,1,0.0212765957446809,125,184
235,10,1,0.0212765957446809,NA,184
235,233,21,0.446808510638298,182,184
235,68,1,0.0212765957446809,64,184
235,12,1,0.0212765957446809,NA,184
236,229,2,0.0425531914893617,178,NA
236,147,1,0.0212765957446809,124,NA
236,232,13,0.276595744680851,181,NA
236,231,6,0.127659574468085,180,NA
236,234,14,0.297872340425532,183,NA
236,81,1,0.0212765957446809,NA,NA
236,15,2,0.0425531914893617,NA,NA
236,84,1,0.0212765957446809,69,NA
236,154,1,0.0212765957446809,127,NA
236,17,1,0.0212765957446809,20,NA
236,230,1,0.0212765957446809,179,NA
236,82,2,0.0425531914893617,67,NA
236,235,14,0.297872340425532,184,NA
236,228,1,0.0212765957446809,177,NA
236,78,1,0.0212765957446809,NA,NA
236,69,1,0.0212765957446809,65,NA
236,67,1,0.0212765957446809,63,NA
236,66,1,0.0212765957446809,62,NA
236,233,13,0.276595744680851,182,NA
236,68,1,0.0212765957446809,64,NA
236,145,1,0.0212765957446809,NA,NA
236,80,1,0.0212765957446809,66,NA
237,235,10,0.212765957446809,184,NA
237,69,1,0.0212765957446809,65,NA
237,155,1,0.0212765957446809,128,NA
237,67,1,0.0212765957446809,63,NA
237,231,1,0.0212765957446809,180,NA
237,230,1,0.0212765957446809,179,NA
237,233,7,0.148936170212766,182,NA
237,225,1,0.0212765957446809,174,NA
237,146,1,0.0212765957446809,123,NA
237,147,1,0.0212765957446809,124,NA
237,111,1,0.0212765957446809,93,NA
237,112,1,0.0212765957446809,NA,NA
237,229,1,0.0212765957446809,178,NA
237,228,2,0.0425531914893617,177,NA
237,144,1,0.0212765957446809,NA,NA
237,84,1,0.0212765957446809,69,NA
237,66,1,0.0212765957446809,62,NA
237,145,2,0.0425531914893617,NA,NA
237,234,9,0.191489361702128,183,NA
237,68,1,0.0212765957446809,64,NA
237,236,11,0.234042553191489,NA,NA
237,80,1,0.0212765957446809,66,NA
237,232,3,0.0638297872340425,181,NA
237,148,1,0.0212765957446809,125,NA
238,236,10,0.212765957446809,NA,NA
238,237,10,0.212765957446809,NA,NA
238,12,1,0.0212765957446809,NA,NA
238,235,6,0.127659574468085,184,NA
238,225,2,0.0425531914893617,174,NA
238,145,1,0.0212765957446809,NA,NA
238,15,1,0.0212765957446809,NA,NA
238,17,1,0.0212765957446809,20,NA
238,144,1,0.0212765957446809,NA,NA
238,233,3,0.0638297872340425,182,NA
238,63,1,0.0212765957446809,60,NA
238,66,1,0.0212765957446809,62,NA
238,86,1,0.0212765957446809,71,NA
238,68,1,0.0212765957446809,64,NA
238,112,1,0.0212765957446809,NA,NA
238,146,1,0.0212765957446809,123,NA
238,36,1,0.0212765957446809,40,NA
238,229,1,0.0212765957446809,178,NA
238,228,1,0.0212765957446809,177,NA
238,232,2,0.0425531914893617,181,NA
238,234,7,0.148936170212766,183,NA
238,148,1,0.0212765957446809,125,NA
238,69,1,0.0212765957446809,65,NA
238,224,1,0.0212765957446809,173,NA
238,231,1,0.0212765957446809,180,NA
238,221,1,0.0212765957446809,170,NA
238,67,2,0.0425531914893617,63,NA
238,65,1,0.0212765957446809,61,NA
239,224,1,0.0212765957446809,173,NA
239,221,1,0.0212765957446809,170,NA
239,66,1,0.0212765957446809,62,NA
239,234,2,0.0425531914893617,183,NA
239,225,1,0.0212765957446809,174,NA
239,236,4,0.0851063829787234,NA,NA
239,238,8,0.170212765957447,NA,NA
239,148,1,0.0212765957446809,125,NA
239,237,8,0.170212765957447,NA,NA
239,235,4,0.0851063829787234,184,NA
239,67,1,0.0212765957446809,63,NA
239,68,1,0.0212765957446809,64,NA
240,69,1,0.0212765957446809,65,NA
240,237,2,0.0425531914893617,NA,NA
240,238,7,0.148936170212766,NA,NA
240,233,1,0.0212765957446809,182,NA
240,232,1,0.0212765957446809,181,NA
240,68,1,0.0212765957446809,64,NA
240,231,1,0.0212765957446809,180,NA
240,235,1,0.0212765957446809,184,NA
240,239,7,0.148936170212766,NA,NA
240,236,2,0.0425531914893617,NA,NA
240,67,1,0.0212765957446809,63,NA
241,237,2,0.0425531914893617,NA,NA
241,238,2,0.0425531914893617,NA,NA
241,240,4,0.0851063829787234,NA,NA
241,144,1,0.0212765957446809,NA,NA
241,239,4,0.0851063829787234,NA,NA
241,67,1,0.0212765957446809,63,NA
242,241,3,0.0638297872340425,NA,NA
242,239,2,0.0425531914893617,NA,NA
242,240,3,0.0638297872340425,NA,NA
242,238,2,0.0425531914893617,NA,NA
242,67,1,0.0212765957446809,63,NA
242,237,1,0.0212765957446809,NA,NA
242,66,1,0.0212765957446809,62,NA
243,241,3,0.0638297872340425,NA,NA
243,67,1,0.0212765957446809,63,NA
243,240,2,0.0425531914893617,NA,NA
243,239,2,0.0425531914893617,NA,NA
243,242,3,0.0638297872340425,NA,NA
244,240,2,0.0425531914893617,NA,NA
244,241,2,0.0425531914893617,NA,NA
244,242,3,0.0638297872340425,NA,NA
244,243,3,0.0638297872340425,NA,NA
245,242,2,0.0425531914893617,NA,NA
245,243,3,0.0638297872340425,NA,NA
245,240,2,0.0425531914893617,NA,NA
245,244,3,0.0638297872340425,NA,NA
245,241,2,0.0425531914893617,NA,NA
246,242,1,0.0212765957446809,NA,NA
246,244,3,0.0638297872340425,NA,NA
246,243,1,0.0212765957446809,NA,NA
246,245,3,0.0638297872340425,NA,NA
246,241,2,0.0425531914893617,NA,NA
247,244,1,0.0212765957446809,NA,NA
247,243,1,0.0212765957446809,NA,NA
247,245,3,0.0638297872340425,NA,NA
247,246,3,0.0638297872340425,NA,NA
248,247,3,0.0638297872340425,NA,NA
248,246,3,0.0638297872340425,NA,NA
257,256,1,0.0212765957446809,NA,NA
258,256,1,0.0212765957446809,NA,NA
258,257,1,0.0212765957446809,NA,NA
259,256,1,0.0212765957446809,NA,NA
259,257,1,0.0212765957446809,NA,NA
259,258,1,0.0212765957446809,NA,NA
260,256,1,0.0212765957446809,NA,NA
260,257,1,0.0212765957446809,NA,NA
260,259,1,0.0212765957446809,NA,NA
260,258,1,0.0212765957446809,NA,NA
261,257,1,0.0212765957446809,NA,NA
261,260,1,0.0212765957446809,NA,NA
261,259,1,0.0212765957446809,NA,NA
261,258,1,0.0212765957446809,NA,NA
262,260,1,0.0212765957446809,NA,NA
262,259,1,0.0212765957446809,NA,NA
262,258,1,0.0212765957446809,NA,NA
262,261,1,0.0212765957446809,NA,NA
263,261,1,0.0212765957446809,NA,NA
263,262,1,0.0212765957446809,NA,NA
264,262,1,0.0212765957446809,NA,NA
264,263,1,0.0212765957446809,NA,NA
265,263,1,0.0212765957446809,NA,NA
265,264,1,0.0212765957446809,NA,NA
265,46,1,0.0212765957446809,47,NA
266,46,1,0.0212765957446809,47,NA
266,264,1,0.0212765957446809,NA,NA
266,265,1,0.0212765957446809,NA,NA
